timestamp,pageouts,swap_used,ARDAgent_RSS_KiB,WindowServer_RSS_KiB,top_process_RSS_KiB
2026-08-02T11:17:47+0200,6419,0.00M,15248,108128,206496
2026-08-02T11:17:57+0200,6419,0.00M,15392,108128,206496
2026-08-02T11:18:07+0200,6419,0.00M,15568,108128,206496
2026-08-02T11:18:17+0200,6419,0.00M,15776,108128,206496
2026-08-02T11:18:27+0200,6419,0.00M,15968,108128,206496
2026-08-02T11:18:37+0200,6419,0.00M,16160,108128,206496
2026-08-02T11:18:47+0200,6419,0.00M,16400,108128,206496
2026-08-02T11:18:58+0200,6419,0.00M,16592,108128,206496
2026-08-02T11:19:08+0200,6419,0.00M,16816,108128,206496
2026-08-02T11:19:18+0200,6419,0.00M,17040,108128,206496
2026-08-02T11:19:28+0200,6419,0.00M,17184,108128,206496
2026-08-02T11:19:38+0200,6419,0.00M,17296,108128,206496
2026-08-02T11:19:48+0200,6419,0.00M,17440,108128,206496
2026-08-02T11:19:58+0200,6419,0.00M,17520,108128,206496
2026-08-02T11:20:08+0200,6419,0.00M,17616,108128,206496
2026-08-02T11:20:18+0200,6419,0.00M,17712,108128,206496
2026-08-02T11:20:29+0200,6419,0.00M,17808,108128,206496
2026-08-02T11:20:39+0200,6419,0.00M,17968,108128,206496
2026-08-02T11:20:49+0200,6419,0.00M,18128,108128,206496
2026-08-02T11:20:59+0200,6419,0.00M,18288,108128,206496
2026-08-02T11:21:09+0200,6419,0.00M,18464,108128,206496
2026-08-02T11:21:19+0200,6419,0.00M,18640,108128,206496
2026-08-02T11:21:29+0200,6419,0.00M,18880,108128,206496
2026-08-02T11:21:39+0200,6419,0.00M,19184,108128,206496
2026-08-02T11:21:50+0200,6419,0.00M,19456,108128,206496
2026-08-02T11:22:00+0200,6419,0.00M,19744,108160,206496
2026-08-02T11:22:10+0200,6419,0.00M,20032,108128,206496
2026-08-02T11:22:20+0200,6419,0.00M,20256,108128,206496
2026-08-02T11:22:30+0200,6419,0.00M,20528,108128,206496
2026-08-02T11:22:40+0200,6419,0.00M,20816,108128,206496
2026-08-02T11:22:50+0200,6419,0.00M,20976,108128,206496

