model,context,phase,workload,workers,p50_ms,p95_ms,p99_ms,slowdown,logical_qps,repetitions
1.5B,2048,PREFILL,faiss-hnsw,0,1353.342999999768,1354.7150122001312,1354.8369688401635,1.0,0.0,3
1.5B,2048,PREFILL,faiss-hnsw,1,1352.0019160005177,1360.6488540998726,1361.4174708198152,1.004380140358897,1012.2245796047379,3
1.5B,2048,PREFILL,faiss-hnsw,2,1355.886833999648,1356.4214331001494,1356.468953020194,1.0012596161440972,1941.587234025434,3
1.5B,2048,PREFILL,faiss-hnsw,3,1358.228833999874,1358.4471586997097,1358.466565339695,1.0027549310858506,2598.0049894813424,3
1.5B,2048,PREFILL,faiss-hnsw,4,1357.4965420002627,1359.6511410999483,1359.8426610199203,1.0036436659041672,3258.191038798976,3
1.5B,2048,DECODE,faiss-hnsw,0,8.30291650026993,8.597731300528721,8.739249860259406,1.0,0.0,3
1.5B,2048,DECODE,faiss-hnsw,1,8.777353999676052,9.045256249942213,9.232836250371292,1.0520515161233255,889.4147878529523,3
1.5B,2048,DECODE,faiss-hnsw,2,9.6245005001947,9.882645649940969,10.044969279897488,1.1494480700197307,1680.82696970093,3
1.5B,2048,DECODE,faiss-hnsw,3,10.089541499837651,10.364278700126306,10.428047499531203,1.2054666909035585,2263.557900394494,3
1.5B,2048,DECODE,faiss-hnsw,4,10.629937500198139,10.860402649950629,11.005920499837885,1.2631707447385292,2781.146540095379,3
