attempt,decode_cap,invalid_reason,policy,policy_arg,prefill_cap,repeat,run_id,run_key,smoke,stage,status,active_retrieval_worker_mean,active_retrieval_worker_p95,admitted_queries_decode,admitted_queries_prefill,application_goodput_rps,backlog_slope_tasks_s,baseline_p95_tpot_ms,baseline_p95_ttft_ms,beginning_backlog,cap_binding_fraction,completed_queries_decode,completed_queries_prefill,compressions_delta,context,decode_active_retrieval_worker_mean,decode_active_retrieval_worker_p95,decode_cap_applied_fraction,decode_cap_overshoot_fraction,decode_cap_overshoot_worker_max,decode_cap_overshoot_worker_mean,decode_overlap_fraction,decode_retrieval_qps,decompressions_delta,duration_s,ending_backlog,experiment_rss_after_bytes,experiment_rss_before_bytes,fan_capable,fixed_workers,headroom_after_bytes,headroom_before_bytes,host_model,joint_slo_pass,llm_request_throughput_rps,llm_requests,memory_free_percent_after,memory_free_percent_before,memory_limit_gb,model,normalized_p95_tpot,normalized_p95_ttft,output_tokens,p50_tpot_ms,p50_ttft_ms,p95_tpot_ms,p95_ttft_ms,pageins_delta,pageouts_delta,pages_occupied_by_compressor_delta,pages_stored_in_compressor_delta,peak_mlx_memory_mb,peak_resident_memory_bytes,phase_transition_to_cap_max_ms,phase_transition_to_cap_ms,power_clean,prefill_active_retrieval_worker_mean,prefill_active_retrieval_worker_p95,prefill_cap_applied_fraction,prefill_latency_p50_ms,prefill_latency_p95_ms,prefill_retrieval_qps,prompt_seed,query_seed,queue_nonempty_fraction,raw_19ms_tpot_pass,resident_memory_bytes,retrieval_latency_p50_ms,retrieval_latency_p95_ms,retrieval_qps_first_third,retrieval_qps_last_third,retrieval_qps_within_block_ratio,retrieval_qps_within_block_slope_qps_per_s,sample_count,scheduler_overhead_ms,sentinel_after_deviation,sentinel_after_initial_deviation,sentinel_before_deviation,sentinel_before_initial_deviation,swap_used_delta_bytes,swapins_delta,swapouts_delta,tokens_per_request,total_completed_retrieval_queries,total_generated_tokens,total_retrieval_goodput_qps,tpot_slo_pass,tpot_within_block_drift_ratio,tpot_within_block_slope_ms_per_s,ttft_slo_pass,ttft_within_block_drift_ratio,ttft_within_block_slope_ms_per_s,worker_cap_changes
1,1,resident_memory_preflight,fixed1,fixed,1,0,41c10e47ae4d42c49268eb8face8cfd4,static_calibration_fixed1_r00_a01,False,calibration,invalid,,,,,,,,,,,,,,,,,,,,,,,,,,,,,,,,,,,,,,,,,,,,,,,,,,,,,,,,,,,,,,,,,,,,,,,,,,,,,,,,,,,,,,,,,,,,
2,1,,fixed1,fixed,1,0,b2e357ba6c914ab7bc0e146580642bdd,static_calibration_fixed1_r00_a02,False,calibration,valid,0.9979224376731302,1.0,3584,5632,0.3964949024722613,0.0,9.026328169975386,1367.8538562497806,16,1.0,3584,5632,0,2048,0.9984615384615385,1.0,1.0,0.0,0.0,0.0,0.9984615384615385,773.9896365038004,0,10.088402082999892,16,2141339648,2134310912,True,1,7690960896,7897579520,Mac mini,False,0.3964949024722613,4,85,90,6.0,1.5B,1.2138837568982874,1.005985355754518,128,10.631918650142323,1358.812187500007,10.956913149966566,1376.0409481996248,373,0,0,0,1558.1904792785645,2141372416,24.078499999632186,4.592687499552994,True,0.9974747474747475,1.0,1.0,1344.7633124997083,1361.4514775997577,1048.6390943278532,22260801,22265801,1.0,True,2141339648,4303.252457999406,4458.295945799182,957.3151596259484,894.0688320196348,0.9339336403791769,-6.2823986814972015,1444,0.06762499924661824,0.0006374729899558673,0.0006374729899558673,-8.61063582199284e-05,-8.61063582199284e-05,0,0,0,128,9472,512,938.8999290543148,False,0.9639687552806252,-0.039621494056586395,True,0.9852378553765291,-2.4790046951829536,1
1,3,,fixed3,fixed,3,0,535808711dea4e45bb4d1983af664a65,static_calibration_fixed3_r00_a01,False,calibration,valid,2.997134670487106,3.0,10640,14080,0.36754193807951824,0.0,9.026328169975386,1367.8538562497806,16,1.0,10640,14080,0,2048,3.0,3.0,1.0,0.0,0.0,0.0,1.0,1968.7978539715607,0,10.883111790999465,16,2158149632,2138275840,True,3,7690518528,7818625024,Mac mini,False,0.36754193807951824,4,85,90,6.0,1.5B,1.4727254460752637,1.0121486343546386,128,13.067125099723851,1364.7812715003056,13.293303180548719,1384.4714125999417,364,0,0,0,1558.1904792785645,2158215168,40.527916999963054,6.839145999947505,True,2.9942938659058487,3.0,1.0,1347.6340625006742,1364.7747455499484,2642.669818295421,22260801,22265801,1.0,True,2158149632,5134.668458000306,5347.972437000408,2417.9619956674555,2219.762638061501,0.9180304082689921,-18.2608053012709,1396,0.09054299789568176,-0.001043766197709739,-0.001043766197709739,0.0005079095938091971,0.0005079095938091971,0,0,0,128,25472,512,2340.507061690372,False,0.9674986603657317,-0.04681028819631897,True,0.9829019964872584,-2.5268392640580233,1
1,3,memory_clean,phasegate4to3,phasegate,4,0,10a1f3fa07214315a749ae551c20e3e4,static_calibration_phasegate4to3_r00_a01,False,calibration,invalid,3.5036390101892287,4.0,10528,17472,0.367560775249089,0.0,9.026328169975386,1367.8538562497806,16,0.4963609898107715,10576,17472,0,2048,3.004398826979472,3.0,1.0,0.008797653958944282,1.0,1.0,1.0,1981.4716817274552,0,10.882554040999821,16,2160640000,2134556672,True,,7672496128,7681179648,Mac mini,False,0.367560775249089,4,85,90,6.0,1.5B,1.4469455667903128,1.0139038944206997,128,12.932816899910904,1368.9204789998257,13.060605529940402,1386.8723518500246,451,1,0,0,1558.1904792785645,2160705536,46.82195799978217,23.46739599988723,True,3.9956458635703918,4.0,1.0,1350.8218544998272,1367.6432875499813,3243.821869723877,22260801,22265801,1.0,True,2160640000,5565.948417000072,7038.063528499786,2804.791435353242,2451.6831957393515,0.8741053487389093,-32.54930623663287,1374,0.26433199946040986,0.0005549027199831524,0.0005549027199831524,0.0004066505383988339,0.0004066505383988339,0,0,0,128,28896,512,2655.2590403994186,False,1.0126991592354344,0.022577619569071686,True,0.9868369823699004,-1.9719391938580466,9
2,3,memory_clean,phasegate4to3,phasegate,4,0,4fd7520eaf634ea28103250404906a13,static_calibration_phasegate4to3_r00_a02,False,calibration,invalid,3.4992732558139537,4.0,10480,17408,0.3677608207322029,0.0,9.026328169975386,1367.8538562497806,16,0.498546511627907,10480,17408,0,2048,3.0,3.0,1.0,0.0029154518950437317,1.0,1.0,1.0,1956.2339476894808,0,10.876634416999877,16,2161786880,2135638016,True,,7673397248,7662583808,Mac mini,False,0.3677608207322029,4,85,90,6.0,1.5B,1.4541160689342993,1.0103997038389194,128,12.94485220041679,1367.0253750001393,13.125328835435537,1382.0791312497022,353,1,0,0,1558.1904792785645,2161852416,40.90249999990192,12.09099950028758,True,3.995633187772926,4.0,1.0,1350.580979500137,1363.3453224496407,3222.8839076768973,22260801,22265801,1.0,True,2161786880,5569.164666999313,7078.275546199891,2801.264008282242,2452.452152580718,0.875480549255542,-32.170901956196786,1376,0.3581650007618009,0.00086764480067969,0.00086764480067969,0.0009140792245314611,0.0009140792245314611,0,0,0,128,28848,512,2652.2910391206474,False,0.9780912423033024,-0.01969876087916826,True,0.9853271285706745,-2.0071649352771117,9
3,3,,phasegate4to3,phasegate,4,0,6368d9416a7849e48ff2aee8836fb8e4,static_calibration_phasegate4to3_r00_a03,False,calibration,valid,3.500727802037846,4.0,10608,17456,0.3672021313747854,0.0,9.026328169975386,1367.8538562497806,16,0.4978165938864629,10640,17456,0,2048,3.002923976608187,3.0,1.0,0.007309941520467836,1.0,1.0,1.0,1976.953090016421,0,10.893182958999205,16,2164293632,2138210304,True,,7663943680,7860731904,Mac mini,False,0.3672021313747854,4,85,90,6.0,1.5B,1.4496214954292506,1.0113742748022563,128,12.925868399861429,1369.7778750006364,13.08475933999489,1383.4122019000915,353,0,0,0,1558.1904792785645,2164375552,47.387750000780215,26.475521000065783,True,3.9941605839416057,4.0,1.0,1349.9754170006781,1365.9221768499265,3249.7501957928794,22260801,22265801,1.0,True,2164293632,5550.252832999831,7048.776449799696,2808.0569246559257,2449.25799870956,0.872225195010842,-33.03891573823941,1374,0.31391700031235814,0.0001069201463792524,0.0001069201463792524,0.0003765316263826257,0.0003765316263826257,0,0,0,128,28928,512,2655.605814102448,False,0.978489028914246,-0.030454319756238173,True,0.9914626098655067,-1.2204326784044568,9
1,1,,phasegate2to1,phasegate,2,0,4957f670e87e468692e30a5a8aba2bac,static_calibration_phasegate2to1_r00_a01,False,calibration,valid,1.5438088341781318,2.0,3632,10464,0.39655278484312184,0.0,9.026328169975386,1367.8538562497806,16,0.997103548153512,3696,10560,0,2048,1.010719754977029,1.0,1.0,0.01225114854517611,1.0,1.0,0.998468606431853,798.316867595577,0,10.086929541000245,16,2149384192,2136096768,True,,7672348672,7647330304,Mac mini,False,0.39655278484312184,4,85,90,6.0,1.5B,1.2151287399000537,1.010860578987833,128,10.430141500000895,1361.091541499718,10.968150775106547,1382.7095410993934,358,0,0,0,1558.1904792785645,2149449728,21.869625000363158,14.92072949940848,True,2.0110497237569063,2.0,1.0,1346.3718119996884,1367.7527785497205,1976.0251943225858,22260801,22265801,1.0,True,2149384192,4664.4254160000855,6385.1936162997845,1601.8649137413217,1263.0860495412012,0.7885097168344444,-33.662385018496565,1381,0.3489180016913451,0.00031378169069551376,0.00031378169069551376,0.00011383748038373831,0.00011383748038373831,0,0,0,128,14928,512,1479.9349930345306,False,1.0240572405349326,0.048954476817275515,True,0.982307153702444,-2.923584786758725,13
1,0,,phasegate2to0,phasegate,2,0,f10e9adb784442a4b801150ca66e47bc,static_calibration_phasegate2to0_r00_a01,False,calibration,valid,1.0795620437956204,2.0,0,10512,0.39707969556519634,0.0,9.026328169975386,1367.8538562497806,16,0.9985401459854014,80,10608,0,2048,0.015552099533437015,0.0,1.0,0.00933125972006221,2.0,1.6666666666666667,0.00933125972006221,17.34093991003428,0,10.07354454200049,16,2149777408,2136375296,True,,7674839040,7757807616,Mac mini,False,0.39707969556519634,4,85,90,6.0,1.5B,1.2032948924894789,1.0089742225704772,128,10.762077399840564,1365.140833499936,10.861334584865286,1380.1292811996518,355,0,0,0,1558.1904792785645,2149842944,18.170917000134068,13.351333499940665,True,2.0151724137931035,2.0,1.0,1349.6824790004212,1364.4138892496812,1980.8175984286652,22260801,22265801,1.0,True,2149777408,6623.689416999696,6634.369867299483,1325.082988168099,810.0130372707143,0.6112923073524182,-51.27961614379627,1370,0.4740840013255365,0.0001864359805521243,0.0001864359805521243,0.0008001021616634851,0.0008001021616634851,0,0,0,128,11232,512,1114.9997851470714,False,1.0152172423749835,0.008793232231118827,True,0.9861276119179221,-2.461988647486646,13
1,2,,phasegate4to2,phasegate,4,0,8e349a092e27483a8bf0187a8e301bab,static_calibration_phasegate4to2_r00_a01,False,calibration,valid,3.010932944606414,4.0,7488,17376,0.3738504580565096,0.0,9.026328169975386,1367.8538562497806,16,0.4956268221574344,7504,17376,0,2048,2.0073529411764706,2.0,1.0,0.004411764705882353,2.0,1.6666666666666667,1.0,1457.0296044460306,0,10.699465290999797,16,2161917952,2135900160,True,,7659487232,7731314688,Mac mini,False,0.3738504580565096,4,85,90,6.0,1.5B,1.3973568091632822,1.0217027969141266,128,12.448071050175713,1369.5384790003118,12.613001130057453,1397.5401107001744,353,0,0,0,1558.1904792785645,2161967104,47.20608400020865,27.430707999428705,True,3.9970972423802613,4.0,1.0,1349.370437500511,1379.1356151498803,3202.5008600512074,22260801,22265801,1.0,True,2161917952,5313.107916000263,7614.593323000236,2613.279907170286,2143.7836166026063,0.8203421343119497,-44.02858281466013,1372,0.4404989995236974,0.0007571416658349595,0.0007571416658349595,0.00013997066193449648,0.00013997066193449648,0,0,0,128,25792,512,2410.587753548374,False,0.9949186148007145,-0.009424449604669692,True,0.9773341186714939,-3.6339564505073225,9
1,1,,phasegate4to1,phasegate,4,0,fbddd959f05a4fe88e6ae5f9454e2c06,static_calibration_phasegate4to1_r00_a01,False,calibration,valid,2.545929798356983,4.0,3616,17344,0.39475375223929665,0.0,9.026328169975386,1367.8538562497806,16,0.4876773711725168,3744,17344,0,2048,1.0260336906584993,1.0,1.0,0.013782542113323124,3.0,1.8888888888888888,1.0,805.4809420567357,0,10.132899249999355,16,2160476160,2134556672,True,,7661600768,7767834624,Mac mini,False,0.39475375223929665,4,85,90,6.0,1.5B,1.2251109057669658,1.014754222871042,128,10.586435200048069,1370.700062999731,11.058253080068424,1388.035476899904,349,0,0,0,1558.1904792785645,2160541696,33.75154199966346,22.431228999721498,True,3.9926686217008798,4.0,1.0,1352.2397709998586,1372.261900100466,3233.3809542823296,22260801,22265801,1.0,True,2160476160,7287.863541999286,7317.353758399622,2446.049642547557,1802.4996392664718,0.7369023129837917,-63.71931677925495,1339,0.38929099900997244,0.0006596204420570295,0.0006596204420570295,0.0004362572762648398,0.0004362572762648398,0,0,0,128,21872,512,2158.513517244474,False,1.0652176938410907,0.10568704523741049,True,0.986886861380112,-1.9429594390310838,9
1,4,,fixed4,fixed,4,0,a0701a6259ba4a11a139c5c06b66a244,static_calibration_fixed4_r00_a01,False,calibration,valid,3.9928622412562453,4.0,14032,17280,0.35308769745932916,0.0,9.026328169975386,1367.8538562497806,16,0.0,14064,17280,0,2048,3.9902506963788302,4.0,1.0,0.0,0.0,0.0,1.0,2398.6397305904607,0,11.328630334000081,16,2166177792,2140209152,True,4,7652081664,7742963712,Mac mini,False,0.35308769745932916,4,85,90,6.0,1.5B,1.6363155711249038,1.0115010334827144,128,14.495295899723715,1372.9633960001593,14.76992133461408,1383.5855892499694,364,0,0,0,1558.1904792785645,2166243328,25.545458999658877,13.19372950001707,True,3.995594713656388,4.0,1.0,1352.4867289997928,1365.9498892499869,3210.367928407338,22260801,22265801,1.0,True,2166177792,5614.320895999754,5829.331574899834,2957.949469750905,2698.1700872781444,0.9121758552235725,-22.95430702129743,1401,0.10608099819364725,0.0007568785066576211,0.0007568785066576211,0.0005010235272939756,0.0005010235272939756,0,0,0,128,32512,512,2869.8968049494274,False,0.9712591767580556,-0.0413379782734262,True,0.9931757384441539,-1.010967243062174,1
1,0,,phasegate3to0,phasegate,3,0,40b481a85449461f8e2a77c4dfc1a443,static_calibration_phasegate3to0_r00_a01,False,calibration,valid,1.5865384615384615,3.0,0,14208,0.3959455913840245,0.0,9.026328169975386,1367.8538562497806,16,0.9985207100591716,128,14224,0,2048,0.02332814930015552,0.0,1.0,0.012441679626749611,3.0,1.875,0.012441679626749611,27.59281519739657,0,10.102398125000036,16,2154692608,2135015424,True,,7661027328,7655981056,Mac mini,False,0.3959455913840245,4,85,90,6.0,1.5B,1.1925243523543032,1.0066433449441785,128,10.569806300190976,1371.4377710002736,10.7641161550373,1376.9409812500726,348,0,0,0,1558.1904792785645,2154758144,43.781832999229664,30.48525000031077,True,3.0014144271570014,3.0,1.0,1354.9022710003555,1361.1911348499689,2662.955075927036,22260801,22265801,1.0,True,2154692608,6993.535166999209,7014.809029499611,1773.0926822700396,1094.3159976775364,0.6171792420216382,-67.38773882236976,1352,0.5872929996257881,0.0005630759232835292,0.0005630759232835292,-4.187473512162754e-06,-4.187473512162754e-06,0,0,0,128,15040,512,1488.7554236039323,False,0.9220657845867272,-0.09486827084530054,True,0.9896725824990259,-1.7323614135152083,13
1,2,,phasegate3to2,phasegate,3,0,10b58747e8584b4d889dd7d1a8c73769,static_calibration_phasegate3to2_r00_a01,False,calibration,valid,2.5133603238866398,3.0,7440,14144,0.3770171507261199,0.0,9.026328169975386,1367.8538562497806,16,0.9967611336032388,7488,14192,0,2048,2.00327868852459,2.0,1.0,0.004918032786885246,1.0,1.0,1.0,1463.2266000341901,0,10.60959691700009,16,2152595456,2132983808,True,,7659896832,7734214656,Mac mini,False,0.3770171507261199,4,85,90,6.0,1.5B,1.3741004056195223,1.0078287545128515,128,12.115970800459763,1364.1508130003785,12.403081199618098,1378.5624482998173,318,0,0,0,1558.1904792785645,2152693760,23.22675000050367,11.400687500099593,True,3.004830917874396,3.0,1.0,1348.4023755004273,1362.631037600022,2645.9684600605483,22260801,22265801,1.0,True,2152595456,5086.534083000515,6836.202241400133,2250.8161284572,1925.159726191006,0.8553163014300008,-30.78977916225784,1235,0.3730429998540785,0.0009545268649508998,0.0009545268649508998,0.0001384661493735173,0.0001384661493735173,0,0,0,128,22448,512,2115.8202498749847,False,1.0132573751935543,0.02164937618464208,True,0.9890887794012111,-1.7248424343632527,13
1,0,,phasegate1to0,phasegate,1,0,2f956ea0b2744ad8a7c0ecaec5bb6ba9,static_calibration_phasegate1to0_r00_a01,False,calibration,valid,0.566904196357878,1.0,0,5520,0.39523454187821283,0.0,9.026328169975386,1367.8538562497806,16,0.9984164687252574,48,5664,0,2048,0.005208333333333333,0.0,1.0,0.005208333333333333,1.0,1.0,0.005208333333333333,10.335331817446932,0,10.120572915999219,16,2146598912,2139570176,True,,7662862336,7650574336,Mac mini,False,0.39523454187821283,4,85,90,6.0,1.5B,1.2157428960480154,1.0055931094650694,128,10.87656219992823,1358.434437499909,10.97369435004566,1375.504412600003,328,0,0,0,1558.1904792785645,2146697216,23.03020799990918,9.381208500599314,True,1.0291970802919708,1.0,1.0,1343.179791500006,1361.7807813000127,1057.1011948564833,22260801,22265801,1.0,True,2146598912,6480.311000000256,6480.311000000256,713.1729115372074,436.59180627372604,0.612182262128654,-27.403651636355388,1263,0.35462400137475925,-0.00046226613702959884,-0.00046226613702959884,-0.0004200497080548704,-0.0004200497080548704,0,0,0,128,6272,512,619.7277616650377,False,1.0103847380616282,-0.00046917430645814607,True,0.9867158309182683,-2.181800507903448,13
1,2,,fixed2,fixed,2,0,e250e1981c9b40eb80fdb686dbadc4a2,static_calibration_fixed2_r00_a01,False,calibration,valid,1.9984089101034208,2.0,7536,10416,0.37583804693042133,0.0,9.026328169975386,1367.8538562497806,16,1.0,7536,10416,0,2048,1.9983686786296901,2.0,1.0,0.0,0.0,0.0,1.0,1453.7569509166858,0,10.642882040999211,16,2151366656,2138112000,True,2,7662649344,7722336256,Mac mini,False,0.37583804693042133,4,85,90,6.0,1.5B,1.3917382332317871,1.0122081527014042,128,12.522581199755223,1361.1374165002417,12.562286019851854,1384.5528250000825,348,0,0,0,1558.1904792785645,2151432192,14.955665999877965,3.345978999732324,True,1.998439937597504,2.0,1.0,1346.8593540001166,1366.0622061499907,1949.15934876539,22260801,22265801,1.0,True,2151366656,4641.613021000012,4830.508012549399,1792.7706993181587,1652.1328183438243,0.9215527780391419,-13.249044352619325,1257,0.08875099865690572,-0.00022299057344887796,-0.00022299057344887796,0.0006361084315871235,0.0006361084315871235,0,0,0,128,18528,512,1740.8818333817117,False,0.9966089356100104,-0.010513789787957,True,0.9814199191364684,-2.8641437692617613,1
1,0,memory_clean,phasegate4to0,phasegate,4,0,d57e8730a1484b55ab5b565f9d8f46ce,static_calibration_phasegate4to0_r00_a01,False,calibration,invalid,2.05222602739726,4.0,0,17376,0.3942216712153084,0.0,9.026328169975386,1367.8538562497806,16,0.4905821917808219,144,17376,0,2048,0.038394415357766144,0.0,1.0,0.017452006980802792,4.0,2.2,0.017452006980802792,31.11975244973443,0,10.146575624999969,16,2160918528,2134999040,True,,7665827840,7696433152,Mac mini,False,0.3942216712153084,4,85,90,6.0,1.5B,1.209736514561378,1.015049177151242,128,10.74292914986472,1366.1520625000776,10.919478779633206,1388.4389312494932,303,1,0,0,1558.1904792785645,2161000448,27.059375000135333,25.386833000084152,True,3.991554054054054,4.0,1.0,1349.0625409999666,1372.0062516995768,3230.0017901336837,22260801,22265801,1.0,True,2160918528,7304.0002920001825,7328.002039350258,2173.4736833733728,1323.797490647748,0.6090699421734558,-84.0465846138426,1168,0.2567530000305851,0.0009504633408554675,0.0009504633408554675,0.0002732875227813292,0.0002732875227813292,0,0,0,128,18256,512,1799.2277074266676,False,0.9821615037108947,-0.012212840970530924,True,0.979752844544998,-3.390510461078121,9
2,0,,phasegate4to0,phasegate,4,0,d043f02107444c23ac7081632fd01c7a,static_calibration_phasegate4to0_r00_a02,False,calibration,valid,2.0451832907075875,4.0,0,17440,0.39398024290041544,0.0,9.026328169975386,1367.8538562497806,16,0.49531116794543906,256,17440,0,2048,0.05679862306368331,0.0,1.0,0.020654044750430294,4.0,2.75,0.020654044750430294,54.587838629181114,0,10.152793374999419,16,2162753536,2136686592,True,,7660699648,7698120704,Mac mini,False,0.39398024290041544,4,85,90,6.0,1.5B,1.2081151022334564,1.0098663545728503,128,10.729331299717158,1368.204416500248,10.904843379862541,1381.3495873993816,305,0,0,0,1558.1904792785645,2162835456,27.740708999772323,23.742229499930545,True,3.9966101694915253,4.0,1.0,1351.005167000494,1364.8967857001935,3267.222070163623,22260801,22265801,1.0,True,2162753536,7315.551020999919,7317.864347400337,2159.61666761519,1340.5813183673395,0.6207496628777687,-80.95583821997718,1173,0.27979499827779364,0.00017201246191822506,0.00017201246191822506,-0.00011878465347869849,-0.00011878465347869849,0,0,0,128,18288,512,1801.2776705406995,False,0.9499524932765125,-0.05222151184058159,True,0.99025490870471,-1.608962163336199,9
1,0,,fixed0,fixed0,0,0,2ade69f11def4c3b99825997032491b5,static_calibration_fixed0_r00_a01,False,calibration,valid,0.023368251410153102,0.0,0,0,0.39078465308558,0.0,9.026328169975386,1367.8538562497806,16,0.9983883964544722,0,128,0,2048,0.0,0.0,1.0,0.0,0.0,0.0,0.0,0.0,0,10.2358164999996,16,2137227264,2136604672,True,,7679459328,7716536320,Mac mini,False,0.39078465308558,4,85,90,6.0,1.5B,1.3224416795422804,1.0102343888101568,128,11.356154149780195,1366.2797080000928,11.936792585202047,1381.853004450113,323,0,0,0,1558.1904792785645,2137292800,43.84416700031579,6.082125500142865,True,0.0319634703196347,0.0,1.0,1345.7163335001496,1365.7185062996177,23.724072542171633,22260801,22265801,1.0,True,2137227264,,,38.66714308251609,18.808027310138733,0.4864085063125094,-1.9438088636620212,1241,0.42829200174310245,8.247795907667665e-05,8.247795907667665e-05,0.0005266910621892773,0.0005266910621892773,0,0,0,128,640,512,62.525544493692806,False,1.0092157899959355,-0.04596519151499306,True,0.9848582386634098,-2.8018259169630655,9
1,1,,phasegate3to1,phasegate,3,0,3e17339c19924edcb38015ed88ccfe05,static_calibration_phasegate3to1_r00_a01,False,calibration,valid,2.0378912685337727,3.0,3552,14192,0.3973529965760555,0.0,9.026328169975386,1367.8538562497806,16,0.9975288303130149,3616,14240,0,2048,1.0067911714770799,1.0,1.0,0.006791171477079796,2.0,1.25,0.99830220713073,790.2311029636686,0,10.06661591699958,16,2154414080,2134917120,True,,7661191168,7704854528,Mac mini,False,0.3973529965760555,4,85,90,6.0,1.5B,1.1856025366765939,1.0091864893624845,128,10.307154499878378,1362.8466455002126,10.701637575198216,1380.4196311496526,313,0,0,0,1558.1904792785645,2154479616,17.126292000284593,14.654687000074773,True,3.004823151125402,3.0,1.0,1347.7370205000625,1365.4788704499424,2653.4623582088966,22260801,22265801,1.0,True,2154414080,5930.875041499803,6986.566118700011,2055.1365252168675,1560.3177362108709,0.7592282639452476,-49.3156334345109,1214,0.3444599997237674,0.0005277146667352905,0.0005277146667352905,1.3245070582534879e-05,1.3245070582534879e-05,0,0,0,128,18608,512,1848.48614007181,False,0.9457571732169682,-0.10437014180628466,True,0.9849291606770282,-2.599339442840923,13
1,0,,phasegate1to0,phasegate,1,1,9b3f0a59a99344d3912d2715e9530bf9,static_calibration_phasegate1to0_r01_a01,False,calibration,valid,0.5619047619047619,1.0,0,5600,0.39568715346383493,0.0,9.026328169975386,1367.8538562497806,16,0.9976190476190476,64,5696,0,2048,0.013793103448275862,0.0,1.0,0.013793103448275862,1.0,1.0,0.013793103448275862,13.740099802144337,0,10.10899637500006,16,2144026624,2137047040,True,,7662977024,7714832384,Mac mini,False,0.39568715346383493,4,85,90,6.0,1.5B,1.2108418361450572,1.0017713312271663,128,10.76538309985153,1358.600499500426,10.92945577498085,1370.2767784995558,323,0,0,0,1558.1904792785645,2144124928,32.20795800007181,19.794145999640023,True,1.016248153618907,1.0,1.0,1343.7526249999792,1356.157995500098,1072.3659876520535,22270801,22275801,1.0,True,2144026624,6430.963249999877,6430.963249999877,719.1495604686381,438.356952982245,0.609549080022502,-27.849474616610593,1260,0.3953320001528482,-0.00016186872735435287,-0.00016186872735435287,0.0007384067246110071,0.0007384067246110071,0,0,0,128,6304,512,623.6029538590038,False,1.026520949905323,0.035101406064019965,True,0.98942043380384,-1.7718475032447072,13
1,1,,phasegate4to1,phasegate,4,1,10fef26ccaaf4a1bad8f1e6790b0da33,static_calibration_phasegate4to1_r01_a01,False,calibration,valid,2.5152027027027026,4.0,3568,17504,0.3959443894489583,0.0,9.026328169975386,1367.8538562497806,16,0.4966216216216216,3664,17504,0,2048,1.0187074829931972,1.0,1.0,0.01020408163265306,2.0,1.8333333333333333,1.0,799.962891153647,0,10.102428791999955,16,2162311168,2136309760,True,,7662583808,7676559360,Mac mini,False,0.3959443894489583,4,85,90,6.0,1.5B,1.2279525894692929,1.0133176899831084,128,10.637418299984343,1367.290396000044,11.083903049720899,1386.0705098495146,330,0,-11,-18,1558.1904792785645,2162360320,33.58808400025737,19.27864600020257,True,3.991582491582492,4.0,1.0,1350.3741039999113,1370.2896330997646,3246.0102921984508,22270801,22275801,1.0,True,2162311168,7284.202707999611,7293.986725199829,2453.985010566799,1808.7870678831434,0.7370815469917505,-64.10485343703606,1184,0.32479300080012763,0.0005299174641029136,0.0005299174641029136,0.000594761136376798,0.000594761136376798,0,0,0,128,21872,512,2165.023921506904,False,1.0887452485570541,0.1173387150766181,True,0.9820442081603202,-2.706421544866315,9
1,2,,fixed2,fixed,2,1,90a75ebbcc8443c5a430955d3ba0ccab,static_calibration_fixed2_r01_a01,False,calibration,valid,1.9978617248752673,2.0,7536,10400,0.3749511362507274,0.0,9.026328169975386,1367.8538562497806,16,1.0,7536,10400,0,2048,1.9970457902511078,2.0,1.0,0.0,0.0,0.0,1.0,1443.1278995693076,0,10.668056750000687,16,2146304000,2132934656,True,2,7668170752,7672250368,Mac mini,False,0.3749511362507274,4,85,90,6.0,1.5B,1.3961197197172,1.005575399130327,128,12.53542690001268,1363.5254374999022,12.601834754741503,1375.48018745033,363,0,0,0,1558.1904792785645,2146369536,8.026000000427302,2.8935830000591523,True,1.9986168741355463,2.0,1.0,1347.8847289998157,1357.8908999002124,1948.563999671292,22270801,22275801,1.0,True,2146304000,4650.350416999572,4855.58932320032,1794.8817257789522,1649.3149280021025,0.9188989471082415,-13.683747136671744,1403,0.08337699910043739,0.0006976639144473662,0.0006976639144473662,0.00023228043628487072,0.00023228043628487072,0,0,0,128,18496,512,1733.7740540233635,False,1.0024283748873482,-0.0013274157813245725,True,0.9871282646714282,-1.895932950293769,1
1,1,,fixed1,fixed,1,1,7438f1b668e845ff86db1a7e302da6a1,static_calibration_fixed1_r01_a01,False,calibration,valid,0.9986301369863013,1.0,3616,5632,0.39741271738893286,0.0,9.026328169975386,1367.8538562497806,16,1.0,3616,5632,0,2048,0.9984825493171472,1.0,1.0,0.0,0.0,0.0,0.9984825493171472,783.6151264180543,0,10.065103165999972,16,2139799552,2132721664,True,1,7644872704,7732035584,Mac mini,False,0.39741271738893286,4,84,90,6.0,1.5B,1.1962935394776881,1.0027889068217675,128,10.449122849740888,1356.691312500061,10.798138074947017,1371.6686732006565,373,0,0,0,1558.1904792785645,2139897856,4.860916000325233,4.349249999904714,True,0.998745294855709,1.0,1.0,1343.26824999971,1358.4179839002445,1054.0720528056686,22270801,22275801,1.0,True,2139799552,4304.397208500177,4475.715546150559,967.9110026063255,891.2484400080547,0.9207958558257535,-7.633899024573923,1460,0.058624000303098,0.0002745124979888214,0.0002745124979888214,0.00021228925337957172,0.00021228925337957172,0,0,0,128,9440,512,937.8940130378816,False,1.076585674147027,0.07042350035321383,True,0.9871559322993578,-2.1113494041864045,1
1,0,,phasegate4to0,phasegate,4,1,cb57e84250e442b8a006d0d0f081530e,static_calibration_phasegate4to0_r01_a01,False,calibration,valid,2.0776772247360484,4.0,0,17328,0.39742256728687075,0.0,9.026328169975386,1367.8538562497806,16,0.4841628959276018,192,17328,0,2048,0.03426791277258567,0.0,1.0,0.014018691588785047,4.0,2.4444444444444446,0.014018691588785047,41.748521583203704,0,10.064853707999646,16,2161295360,2135310336,True,,7659945984,7701594112,Mac mini,False,0.39742256728687075,4,85,90,6.0,1.5B,1.180208288911272,1.0126792510922888,128,10.345266599961178,1365.8817290001934,10.652947324638262,1385.1972187507272,345,0,0,0,1558.1904792785645,2161360896,25.598834000447823,15.314999999645806,True,3.995601173020528,4.0,1.0,1349.6810419997018,1368.151383100303,3230.01508066392,22270801,22275801,1.0,True,2161295360,7291.04233299995,7304.917451699885,2188.915196636957,1346.1318249069684,0.6149766911825372,-84.0127127760014,1326,0.21720799941249425,0.00033515306436004977,0.00033515306436004977,0.0003280499934388281,0.0003280499934388281,0,0,0,128,18208,512,1809.0675262898358,False,0.9827980239254878,-0.03623215138653721,True,0.9835848575622814,-2.6803206476234496,9
1,0,,fixed0,fixed0,0,1,c2a3736f3cdc40e88a26200d408559b6,static_calibration_fixed0_r01_a01,False,calibration,valid,0.02172338884866039,0.0,0,0,0.3940417165609327,0.0,9.026328169975386,1367.8538562497806,16,0.997827661115134,0,192,0,2048,0.0,0.0,1.0,0.0,0.0,0.0,0.0,0.0,0,10.151209458000267,16,2136817664,2136162304,True,,7679475712,7731494912,Mac mini,False,0.3940417165609327,4,85,90,6.0,1.5B,1.2158926795111196,1.0067686748539784,128,10.810120950054623,1368.877812500159,10.975046344738074,1377.112414250496,410,0,0,0,1558.1904792785645,2136899584,39.25079199962056,5.426146000445442,True,0.024793388429752067,0.0,1.0,1347.0322500002112,1361.1187500002416,35.85910677247658,22270801,22275801,1.0,True,2136817664,,,43.211777905894515,18.852173853845233,0.4362739689836648,-2.401131640435388,1381,0.33545700080139795,-0.0003005984086286162,-0.0003005984086286162,0.0008177982373205328,0.0008177982373205328,0,0,0,128,720,512,70.92750898096789,False,0.9933978451204395,-0.01032638378936898,True,0.9975329774880893,-0.17665778005340838,9
1,2,,phasegate4to2,phasegate,4,1,a610d860389d4d2da38deb893a0ab130,static_calibration_phasegate4to2_r01_a01,False,calibration,valid,3.017556693489393,4.0,7536,17408,0.3747503767129276,0.0,9.026328169975386,1367.8538562497806,16,0.49451353328456477,7632,17424,0,2048,2.0207100591715976,2.0,1.0,0.016272189349112426,2.0,1.3636363636363635,1.0,1469.8272317463184,0,10.67377179200048,16,2160050176,2134065152,True,,7665041408,7718404096,Mac mini,False,0.3747503767129276,4,85,90,6.0,1.5B,1.399912952065626,1.0114586952977138,128,12.563654100040367,1365.2282080001896,12.636073714743361,1383.5276768003496,380,0,0,0,1558.1904792785645,2160181248,51.27045800054475,21.425521000310255,True,3.992721979621543,4.0,1.0,1349.021687500226,1364.8688812506407,3257.8719268591526,22270801,22275801,1.0,True,2160050176,5318.504853999912,7604.404624750032,2619.9160857766187,2141.656867807908,0.8174524670598596,-44.95691338757195,1367,0.3372109995325445,0.00049317601645682,0.00049317601645682,-0.0002828092786592018,-0.0002828092786592018,0,0,0,128,25792,512,2416.3904290449573,False,1.009761369364172,0.005815784450532814,True,0.9846848606015246,-2.367415971150799,9
1,3,,fixed3,fixed,3,1,42f92bc0ea1a4e009e6d722ef39298a5,static_calibration_fixed3_r01_a01,False,calibration,valid,2.9956927494615937,3.0,10736,14256,0.36672907746150796,0.0,9.026328169975386,1367.8538562497806,16,1.0,10736,14256,0,2048,2.9970972423802613,3.0,1.0,0.0,0.0,0.0,1.0,1982.1896336175994,0,10.907234374999462,16,2158575616,2138800128,True,3,7649869824,7678722048,Mac mini,False,0.36672907746150796,4,85,90,6.0,1.5B,1.477705742981391,1.0090651561522355,128,13.249741949948657,1366.2977495000632,13.338256974807337,1380.2536650501224,408,0,0,0,1558.1904792785645,2158624768,37.06849999980477,2.998895499331411,True,2.994301994301994,3.0,1.0,1347.0867705000273,1363.4055125000941,2662.6282515247594,22270801,22275801,1.0,True,2158575616,5127.519228999972,5361.797073500611,2433.752043884456,2223.243314084863,0.9135044466306417,-19.35568343250663,1393,0.07295999967027456,1.609887981435243e-05,1.609887981435243e-05,-0.0002654545288717225,-0.0002654545288717225,0,0,0,128,25520,512,2339.731514204421,False,0.9882528507385173,-0.009960385448137755,True,0.9907390128193303,-1.4567324520145053,1
1,2,memory_clean,phasegate3to2,phasegate,3,1,e66b21f4ab434db7bb1c20240c1ed23a,static_calibration_phasegate3to2_r01_a01,False,calibration,invalid,2.5122478386167146,3.0,7520,14208,0.375412507956379,0.0,9.026328169975386,1367.8538562497806,16,0.9978386167146974,7584,14256,0,2048,2.004398826979472,2.0,1.0,0.005865102639296188,1.0,1.0,1.0,1458.6648516571397,0,10.654946000000564,16,2152611840,2132934656,True,,7662370816,7766065152,Mac mini,False,0.375412507956379,4,85,90,6.0,1.5B,1.3842555410688653,1.0144486423825163,128,12.305195600174557,1362.0865835000586,12.494744784794419,1387.6174874502794,389,6,0,0,1558.1904792785645,2152677376,39.21079199972155,7.873938000102498,True,2.998577524893314,3.0,1.0,1346.667333500136,1369.8532125007205,2670.1149613105185,22270801,22275801,1.0,True,2152611840,5040.1415420001285,6827.352717199756,2246.4060349665733,1912.4972007793365,0.8513586462154401,-31.43392462390915,1388,0.3977489996032091,-8.153140440592122e-05,-8.153140440592122e-05,0.0005713265478288765,0.0005713265478288765,0,0,0,128,22528,512,2114.3232448103263,False,1.0012314158083524,0.007694909937109753,True,0.9789667942223411,-3.3192262592569883,13
2,2,,phasegate3to2,phasegate,3,1,18b0cf7e531640f89965d26eab7af5c2,static_calibration_phasegate3to2_r01_a02,False,calibration,valid,2.51453957996769,3.0,7392,14208,0.3767582173018965,0.0,9.026328169975386,1367.8538562497806,16,0.9983844911147012,7456,14240,0,2048,2.0146341463414634,2.0,1.0,0.014634146341463415,1.0,1.0,1.0,1444.4727859590091,0,10.616888540999753,16,2152857600,2133213184,True,,7664566272,7714668544,Mac mini,False,0.3767582173018965,4,85,90,6.0,1.5B,1.3985528520162263,1.0095588871138745,128,12.402316499856168,1365.7054790005532,12.623797005353481,1380.9290168499501,318,0,0,0,1558.1904792785645,2152955904,54.45037499976024,19.985333499789704,True,3.004830917874396,3.0,1.0,1349.8275625001952,1364.371598200296,2665.692241836894,22270801,22275801,1.0,True,2152857600,5082.031500000085,6800.125974999901,2249.5103211774485,1918.9284458085333,0.8530427390100257,-31.231425664791516,1238,0.38199900063773384,0.0009094726318583657,0.0009094726318583657,-0.00038203675804504567,-0.00038203675804504567,0,0,0,128,22432,512,2112.860082629036,False,0.9701055519365658,-0.05216367291319566,True,0.9857067927171961,-2.13269285543612,13
1,4,memory_clean,fixed4,fixed,4,1,9277fff5ac28482c8ab680c9a3fc48bf,static_calibration_fixed4_r01_a01,False,calibration,invalid,3.995061728395062,4.0,14064,17456,0.35484057806472746,0.0,9.026328169975386,1367.8538562497806,16,0.0,14064,17456,0,2048,3.9934959349593497,4.0,1.0,0.0,0.0,0.0,1.0,2445.7476900923043,0,11.272667917000035,16,2163884032,2137833472,True,4,7655751680,7717306368,Mac mini,False,0.35484057806472746,4,85,90,6.0,1.5B,1.6591608772992554,1.009761276790946,128,14.45679144985661,1366.6727295003511,14.976130565287345,1381.2058563501978,420,13,0,0,1558.1904792785645,2163949568,47.567624999828695,7.178437499987922,True,3.9966555183946486,4.0,1.0,1347.8020630000174,1361.7783125504957,3256.5921442891454,22270801,22275801,1.0,True,2163884032,5590.5888125003,5827.776526649723,2966.610881591489,2727.370548446571,0.9193556746422458,-21.285503576635385,1215,0.07100099810486427,0.00031136226164529823,0.00031136226164529823,0.0007028753645521579,0.0007028753645521579,0,0,0,128,32368,512,2871.3699576997747,False,1.0224361480399096,0.008159508339953818,True,0.9884762071340352,-1.747151114383274,1
2,4,memory_clean,fixed4,fixed,4,1,d88bbfa10049406d97192d30674661d1,static_calibration_fixed4_r01_a02,False,calibration,invalid,3.9975728155339807,4.0,14112,17376,0.3531893218448375,0.0,9.026328169975386,1367.8538562497806,16,0.0,14112,17376,0,2048,3.9968304278922346,4.0,1.0,0.0,0.0,0.0,1.0,2413.573460171945,0,11.325370708000264,16,2164473856,2138324992,True,4,7675772928,7839907840,Mac mini,False,0.3531893218448375,4,85,90,6.0,1.5B,1.6436196253774353,1.012394589833254,128,14.608914350264966,1366.9915625000613,14.835850125268735,1384.8078437498316,347,55,0,0,1558.1904792785645,2164539392,3.3680830001685536,2.5243539998882625,True,3.998341625207297,4.0,1.0,1348.7694580003335,1366.8974937000712,3246.917104857716,22270801,22275801,1.0,True,2164473856,5627.461125000536,5857.376093299899,2949.419164458568,2712.319047713627,0.9196112510550984,-20.99756743566169,1236,0.07362500036833808,-0.0002215947492832937,-0.0002215947492832937,0.00014794212252700056,0.00014794212252700056,0,0,0,128,32320,512,2853.769720506287,False,0.9901080532904054,-0.027258371418142534,True,0.9843703543111766,-2.3736633734220276,1
3,4,,fixed4,fixed,4,1,255233ad641b4da6ab932c63afe4b673,static_calibration_fixed4_r01_a03,False,calibration,valid,3.996410624551328,4.0,13984,17392,0.3543102416652692,0.0,9.026328169975386,1367.8538562497806,16,0.0,13984,17392,0,2048,3.9985895627644568,4.0,1.0,0.0,0.0,0.0,1.0,2420.9185782423374,0,11.2895410000001,16,2162016256,2136080384,True,4,7662911488,7712079872,Mac mini,False,0.3543102416652692,4,85,90,6.0,1.5B,1.6249237562580299,1.0106580994261956,128,14.633285350146249,1367.7745835002497,14.667095075174073,1382.4325786501959,358,0,0,0,1558.1904792785645,2162065408,41.096833000665356,4.648437499781721,True,3.994134897360704,4.0,1.0,1349.6779170000082,1364.212964350554,3220.345627590167,22270801,22275801,1.0,True,2162016256,5592.077146000065,5849.735557999929,2961.096029560906,2723.1052829987525,0.9196274811129834,-21.14392988916973,1393,0.09387800037075067,0.0004935020813052748,0.0004935020813052748,0.0006220727663175385,0.0006220727663175385,0,0,0,128,32320,512,2862.826752655375,False,1.0200559782748764,0.03286152068004152,True,0.9863212110812405,-2.1629663249634685,1
1,0,memory_clean,phasegate3to0,phasegate,3,1,4849d749a2e8416ebb6a6e12c043bf38,static_calibration_phasegate3to0_r01_a01,False,calibration,invalid,1.5816023738872405,3.0,0,14096,0.3959614309808676,0.0,9.026328169975386,1367.8538562497806,16,0.9977744807121661,160,14128,0,2048,0.02786377708978328,0.0,1.0,0.015479876160990712,3.0,1.8,0.015479876160990712,34.261315026590815,0,10.10199399999965,16,2157838336,2138226688,True,,7666778112,7739555840,Mac mini,False,0.3959614309808676,4,85,90,6.0,1.5B,1.2677608640915587,1.007299847863377,128,10.776745899738671,1367.4327499998071,11.443225600341973,1377.8389812997375,380,3,0,0,1558.1904792785645,2157903872,44.883499999741616,20.080853500076046,True,3.007153075822604,3.0,1.0,1350.1002704997518,1362.4994857002548,2658.1319708522965,22270801,22275801,1.0,True,2157838336,6987.211125000613,7017.124724699988,1763.75092619291,1086.945583776478,0.6162693199105335,-67.22316296603223,1348,0.3802900009759469,-9.328722277113233e-05,-9.328722277113233e-05,-0.0001425293017608409,-0.0001425293017608409,0,0,0,128,14944,512,1479.3119061445213,False,0.9967475425809991,0.03243900477560477,True,0.9888433504808801,-2.2396006070726666,13
2,0,memory_clean,phasegate3to0,phasegate,3,1,ff144b70f71f449b934f97d73beee046,static_calibration_phasegate3to0_r01_a02,False,calibration,invalid,1.5779411764705882,3.0,0,14176,0.39402615791431567,0.0,9.026328169975386,1367.8538562497806,16,0.9985294117647059,112,14192,0,2048,0.015408320493066256,0.0,1.0,0.009244992295839754,3.0,1.6666666666666667,0.009244992295839754,23.859083350690717,0,10.151610291999532,16,2155855872,2136276992,True,,7667482624,7681556480,Mac mini,False,0.39402615791431567,4,85,90,6.0,1.5B,1.1895734830061206,1.0143570664445831,128,10.614012599944543,1368.9962079997713,10.737480639913883,1387.492224950438,373,4,0,0,1558.1904792785645,2155954176,42.346916000497,30.565333000595274,True,3.0014104372355432,3.0,1.0,1351.6964375003226,1370.151250050185,2649.624169005689,22270801,22275801,1.0,True,2155855872,7047.414332999324,7088.647720499648,1766.3071507885486,1093.0657085714104,0.6188423729606841,-66.52644885771757,1360,0.5426680017990293,0.00033699853040536354,0.00033699853040536354,0.0008510653845581473,0.0008510653845581473,0,0,0,128,15024,512,1479.9622491261698,False,1.0196585382820054,0.011990459582865914,True,0.9801767404149319,-3.189318057923068,13
3,0,memory_clean,phasegate3to0,phasegate,3,1,c04faeaf003140198e8cf59da2b68d67,static_calibration_phasegate3to0_r01_a03,False,calibration,invalid,1.5821005917159763,3.0,0,14224,0.39643007451334017,0.0,9.026328169975386,1367.8538562497806,16,0.9977810650887574,176,14272,0,2048,0.032357473035439135,0.0,1.0,0.015408320493066256,3.0,2.1,0.015408320493066256,38.02553318582002,0,10.09005183300087,16,2158919680,2139226112,True,,7656849408,7680344064,Mac mini,False,0.39643007451334017,4,85,90,6.0,1.5B,1.2194307926303591,1.0065549080110594,128,10.676227099929747,1365.2442080001492,11.006982514854824,1376.8200124500709,402,1,0,0,1558.1904792785645,2158985216,20.585416999892914,18.696916999942914,True,3.0085714285714285,3.0,1.0,1348.5060830003022,1360.339329399585,2684.742339063299,22270801,22275801,1.0,True,2158919680,6963.7864169999375,6977.435891700497,1784.728347596034,1098.175736469463,0.6153181451668355,-68.2569332739392,1352,0.39858099989942275,-5.294827108592859e-05,-5.294827108592859e-05,0.0004000123703786773,0.0004000123703786773,0,0,0,128,14992,512,1485.819919275999,False,1.0390214490476515,0.0767241693544417,True,0.9890430607952746,-1.777464803899293,13
4,0,memory_clean,phasegate3to0,phasegate,3,1,3e170db6da5148d5896b81af75203b73,static_calibration_phasegate3to0_r01_a04,False,calibration,invalid,1.5796886582653817,3.0,0,14144,0.3964019274103586,0.0,9.026328169975386,1367.8538562497806,16,0.9985174203113417,160,14160,0,2048,0.02786377708978328,0.0,1.0,0.015479876160990712,3.0,1.8,0.015479876160990712,34.0979735783342,0,10.090768291999666,16,2153889792,2134327296,True,,7663239168,7737786368,Mac mini,False,0.3964019274103586,4,85,90,6.0,1.5B,1.1896047559936203,1.0078766194215947,128,10.65906650014767,1367.7080204997765,10.73776292016191,1378.627920499821,377,1,0,0,1558.1904792785645,2153988096,42.44175000076211,19.270416500148713,True,3.0028530670470754,3.0,1.0,1352.4044584996773,1362.7282893498432,2673.3767496713467,22270801,22275801,1.0,True,2153889792,6983.545791000324,7012.303867200171,1779.9770106899325,1090.4901125544002,0.6126428071853119,-68.55036222211596,1349,0.41937700098060304,-0.00024476506183712665,-0.00024476506183712665,0.00012179367893949689,0.00012179367893949689,0,0,0,128,14976,512,1484.1288162243827,False,0.9747289182182636,-0.028999545167544005,True,0.9872412409735225,-1.9940310495853077,13
5,0,memory_clean,phasegate3to0,phasegate,3,1,5d24eaa1c21f4787809deb253f19fee5,static_calibration_phasegate3to0_r01_a05,False,calibration,invalid,1.5867952522255193,3.0,0,14192,0.3981144685276096,0.0,9.026328169975386,1367.8538562497806,16,0.9970326409495549,192,14224,0,2048,0.024922118380062305,0.0,1.0,0.010903426791277258,3.0,2.2857142857142856,0.010903426791277258,41.8027831237114,0,10.0473615410001,16,2154201088,2134474752,True,,7664140288,7904067584,Mac mini,False,0.3981144685276096,4,85,90,6.0,1.5B,1.205509213136902,1.0079749500289754,128,10.621297800025783,1363.4440625000934,10.881321769702481,1378.7624224003139,365,6,0,0,1558.1904792785645,2154266624,22.416416999476496,12.704229000064515,True,3.0014245014245016,3.0,1.0,1348.9133130001392,1364.4936018500175,2668.699189795715,22270801,22275801,1.0,True,2154201088,6971.00649999993,6980.4182877999665,1768.269919985107,1093.4044415882645,0.6183470233987092,-67.39445331922083,1348,0.41362700085301185,0.00012937765821452452,0.00012937765821452452,-0.0003599205720792309,-0.0003599205720792309,0,0,0,128,14992,512,1492.1330280414809,False,1.005400513272499,-0.004689128404729102,True,0.9863334720765735,-2.3664150627688576,13
6,0,memory_clean,phasegate3to0,phasegate,3,1,2a123209122f42c5a3f28c6c3f4a0b16,static_calibration_phasegate3to0_r01_a06,False,calibration,invalid,1.5745775165319618,3.0,0,14080,0.3937470491144194,0.0,9.026328169975386,1367.8538562497806,16,0.997060984570169,160,14080,0,2048,0.022970903522205207,0.0,1.0,0.010719754977029096,3.0,2.142857142857143,0.010719754977029096,34.438295915747716,0,10.158806292000008,16,2155528192,2135883776,True,,7669202944,7914881024,Mac mini,False,0.3937470491144194,4,85,90,6.0,1.5B,1.2471930311327055,1.011620877828336,128,11.096962199962945,1368.5570415000257,11.257573590310129,1383.7495188002777,423,19,0,0,1558.1904792785645,2155577344,35.69820800021262,19.08012449985108,True,3.0,3.0,1.0,1354.4697709999127,1367.7962973997637,2662.6973942511245,22270801,22275801,1.0,True,2155528192,6979.3879580001885,7000.67839580006,1790.2872918242424,1088.8386791811706,0.6081921511444572,-69.12073249360353,1361,0.4498759981288458,0.0005328639556005932,0.0005328639556005932,0.0002744347040202211,0.0002744347040202211,0,0,0,128,15168,512,1493.0888102418783,False,1.0675303498579263,0.0803963856936294,True,0.9844074271632981,-2.5825632176466105,13
7,0,memory_clean,phasegate3to0,phasegate,3,1,957cbc76a61f4a5096e47e8d23648d3f,static_calibration_phasegate3to0_r01_a07,False,calibration,invalid,1.5824011931394482,3.0,0,14176,0.3957981883053938,0.0,9.026328169975386,1367.8538562497806,16,0.9977628635346756,176,14208,0,2048,0.03576982892690513,0.0,1.0,0.015552099533437015,3.0,2.3,0.015552099533437015,38.08147924029782,0,10.106160457999977,16,2158624768,2138947584,True,,7665876992,7759609856,Mac mini,False,0.3957981883053938,4,85,90,6.0,1.5B,1.216618533967779,1.010280046904065,128,10.719525050262746,1363.5902710002483,10.98159814526752,1381.9154580499344,449,18,0,0,1558.1904792785645,2158673920,40.01212499952089,21.599687000161794,True,3.0028776978417264,3.0,1.0,1348.6112919999869,1366.7068080496847,2670.594574962721,22270801,22275801,1.0,True,2158624768,6987.734541000464,6989.561391600091,1774.589450566757,1087.7920215642723,0.6129823555622177,-68.26270979372472,1341,0.39766699774190784,0.0010689070411884494,0.0010689070411884494,-0.0004843041569801976,-0.0004843041569801976,0,0,0,128,15088,512,1492.9507662879455,False,0.9997435009632938,0.018563470013390038,True,0.9827817815130511,-2.924696537921408,13
8,0,memory_clean,phasegate3to0,phasegate,3,1,1ff9e9cbb9b54f01b5456ca2c2483248,static_calibration_phasegate3to0_r01_a08,False,calibration,invalid,1.5822878228782289,3.0,0,14192,0.39583752921526283,0.0,9.026328169975386,1367.8538562497806,16,0.9977859778597786,160,14224,0,2048,0.036923076923076927,0.0,1.0,0.015384615384615385,3.0,2.4,0.015384615384615385,34.30702263478236,0,10.10515604200009,16,2154184704,2134474752,True,,7674675200,7781089280,Mac mini,False,0.39583752921526283,4,85,90,6.0,1.5B,1.231427376777386,1.008297077350724,128,10.896379350015195,1364.769478999733,11.115267620284612,1379.203045499571,365,2,0,0,1558.1904792785645,2154250240,44.33291700024711,21.5967294998336,True,3.0028490028490027,3.0,1.0,1349.9608540000736,1362.8263517496634,2671.253950880764,22270801,22275801,1.0,True,2154184704,6975.861500000065,7014.741387500089,1784.0515602793346,1095.5427742525758,0.6140757356144142,-68.36792445308475,1355,0.3885430023728986,0.0009624056422619098,0.0009624056422619098,0.00047878376429677516,0.00047878376429677516,0,0,0,128,15008,512,1485.182409615666,False,1.0322199826926102,0.017466714293358488,True,0.9873232083547786,-1.9661491096727841,13
9,0,memory_clean,phasegate3to0,phasegate,3,1,feaabeb50dd54e56805f3a8efd2b7366,static_calibration_phasegate3to0_r01_a09,False,calibration,invalid,1.5753122703894196,3.0,0,14128,0.3946039958663182,0.0,9.026328169975386,1367.8538562497806,16,0.9992652461425422,160,14128,0,2048,0.02607361963190184,0.0,1.0,0.012269938650306749,3.0,2.125,0.012269938650306749,33.57920628403234,0,10.136744791999263,16,2158624768,2139013120,True,,7660683264,7636533248,Mac mini,False,0.3946039958663182,4,85,90,6.0,1.5B,1.2381651697025668,1.0101912888839173,128,10.6623753999429,1367.453249999926,11.176085150368634,1381.7940500498025,370,3,0,0,1558.1904792785645,2158673920,44.88783299984789,39.99724999994214,True,2.998587570621469,3.0,1.0,1351.706229499996,1365.3318250003394,2666.0544589407214,22270801,22275801,1.0,True,2158624768,6987.024749999364,6987.0468746998995,1775.942435186308,1088.1915813781104,0.6127403455303729,-68.00200991684245,1361,0.5908350012759911,-5.3366646153518715e-05,-5.3366646153518715e-05,-0.00019301124391668534,-0.00019301124391668534,0,0,0,128,15104,512,1490.0246883912178,False,0.9994928870809802,0.04624905825100237,True,0.988872707384412,-1.8264933239322325,13
10,0,memory_clean,phasegate3to0,phasegate,3,1,c2702d5c8e434f52b90598865a902ed6,static_calibration_phasegate3to0_r01_a10,False,calibration,invalid,1.5888475836431226,3.0,0,14176,0.3954751969127449,0.0,9.026328169975386,1367.8538562497806,16,0.9970260223048327,144,14208,0,2048,0.028081123244929798,0.0,1.0,0.014040561622464899,3.0,2.0,0.014040561622464899,30.938291230490876,0,10.114414332999331,16,2157002752,2137325568,True,,7669284864,7769997312,Mac mini,False,0.3954751969127449,4,85,90,6.0,1.5B,1.2204685939478936,1.008686261069567,128,10.866860300120603,1367.527291999977,11.016350050122124,1379.7353919501802,377,11,0,0,1558.1904792785645,2157051904,45.745458000055805,29.187708500103327,True,3.0042857142857144,3.0,1.0,1351.9335630003297,1363.5867794999285,2666.003960028791,22270801,22275801,1.0,True,2157002752,6986.224416000368,7034.209154400469,1764.1915289796905,1080.5042341032947,0.6124642457206434,-67.81770806643365,1345,0.3672099992400035,0.0019217092040735295,0.0019217092040735295,0.0004970065306932892,0.0004970065306932892,0,0,0,128,15040,512,1486.9867403919209,False,1.0219196408296323,0.01900299263819441,True,0.9867874177948709,-2.5940779525490427,13
11,0,memory_clean,phasegate3to0,phasegate,3,1,62ceb0ef60e34c21aef76cda19bdc13d,static_calibration_phasegate3to0_r01_a11,False,calibration,invalid,1.5884529977794226,3.0,0,14288,0.3968677739962171,0.0,9.026328169975386,1367.8538562497806,16,0.997039230199852,192,14336,0,2048,0.043209876543209874,0.0,1.0,0.018518518518518517,3.0,2.3333333333333335,0.018518518518518517,41.5690152673087,0,10.078923666999799,16,2154807296,2134818816,True,,7672922112,7972257792,Mac mini,False,0.3968677739962171,4,85,90,6.0,1.5B,1.1592140301018803,1.0020122182922389,128,10.264703650273074,1360.102999999981,10.463446254939297,1370.6062768004358,373,50,0,0,1558.1904792785645,2154856448,47.731790999932855,21.73499999980777,True,3.007153075822604,3.0,1.0,1344.434457999796,1356.0966561502482,2689.538205900876,22270801,22275801,1.0,True,2154807296,6907.649208000294,6956.956120200266,1795.5432526238183,1107.6115064842882,0.6168670706571624,-68.4597479699137,1351,0.2919169965025503,-0.0010759163133653438,-0.0010759163133653438,0.0009019355528019357,0.0009019355528019357,0,0,0,128,15104,512,1498.5727146097158,False,1.0440091962266567,0.0497013815589852,True,0.9910134058878847,-1.452412034375501,13
12,0,memory_clean,phasegate3to0,phasegate,3,1,21f6058342884968bac5e4dec879ba68,static_calibration_phasegate3to0_r01_a12,False,calibration,invalid,1.5835798816568047,3.0,0,14144,0.39466595153194917,0.0,9.026328169975386,1367.8538562497806,16,0.9977810650887574,144,14160,0,2048,0.021705426356589147,0.0,1.0,0.013953488372093023,3.0,1.5555555555555556,0.013953488372093023,30.853131674549786,0,10.135153500000342,16,2156756992,2137096192,True,,7666548736,7642939392,Mac mini,False,0.39466595153194917,4,85,90,6.0,1.5B,1.2301218851982179,1.0120217019343198,128,10.822308449860428,1369.4757295002091,11.103483824867903,1384.2977875993256,422,17,0,0,1558.1904792785645,2156855296,42.509707999670354,30.567187500309956,True,3.0042613636363638,3.0,1.0,1352.261958500094,1367.5284125492908,2662.8028028985177,22270801,22275801,1.0,True,2156756992,6972.508208999898,7067.2508337002,1766.2071768308144,1097.108239006177,0.6211662218329155,-66.23838886764055,1352,0.6700840003759367,-0.00026312815481110974,-0.00026312815481110974,-0.000502356818511962,-0.000502356818511962,0,0,0,128,15040,512,1483.9439777601287,False,0.9487026087836832,-0.048034383241162375,True,0.9838017151210763,-2.4904161269330976,13
13,0,memory_clean,phasegate3to0,phasegate,3,1,344851981772451d8fd70ce7b8af69c5,static_calibration_phasegate3to0_r01_a13,False,calibration,invalid,1.5992565055762082,3.0,0,14272,0.39699316550699837,0.0,9.026328169975386,1367.8538562497806,16,0.9970260223048327,176,14320,0,2048,0.029780564263322883,0.0,1.0,0.014106583072100314,3.0,2.111111111111111,0.014106583072100314,38.256867838624515,0,10.075740207999843,16,2157821952,2138030080,True,,7664500736,7814135808,Mac mini,False,0.39699316550699837,4,85,90,6.0,1.5B,1.1969412552129095,1.009923329263827,128,10.64247274994159,1365.3089164999983,10.803984569733982,1381.4275204501428,368,6,0,0,1558.1904792785645,2157871104,41.535166000358004,21.750020499894163,True,3.0099573257467993,3.0,1.0,1349.5152704999782,1364.779570449491,2675.8212646083866,22270801,22275801,1.0,True,2157821952,6957.932125000298,6973.17793780021,1796.5055405903295,1101.1139560581996,0.6129198776065978,-69.22510692507304,1345,0.26662700111046433,0.0007637336787456039,0.0007637336787456039,0.00025520322205196955,0.00025520322205196955,0,0,0,128,15056,512,1494.2822749683419,False,1.0292949697845604,0.050054875209637376,True,0.9858597068333647,-2.24048024944854,13
14,0,resident_memory_preflight,phasegate3to0,phasegate,3,1,fc8c86cb3a7c4960ac3d59251a42646e,static_calibration_phasegate3to0_r01_a14,False,calibration,invalid,,,,,,,,,,,,,,,,,,,,,,,,,,,,,,,,,,,,,,,,,,,,,,,,,,,,,,,,,,,,,,,,,,,,,,,,,,,,,,,,,,,,,,,,,,,,
15,0,memory_clean,phasegate3to0,phasegate,3,1,bb0016eca0b944d58d0c8d68cc086c68,static_calibration_phasegate3to0_r01_a15,False,calibration,invalid,1.575735294117647,3.0,0,14208,0.39605864057776896,0.0,9.026328169975386,1367.8538562497806,16,0.9985294117647059,128,14224,0,2048,0.019969278033794162,0.0,1.0,0.01228878648233487,3.0,1.625,0.01228878648233487,27.11851407704471,0,10.099514542000179,16,2156396544,2136735744,True,,7694696448,7824752640,Mac mini,False,0.39605864057776896,4,85,90,6.0,1.5B,1.2251428124404502,1.005283724183823,128,10.740172750320195,1362.780374999602,11.058541080174107,1375.0812187499832,365,25,0,0,1558.1904792785645,2156462080,40.605750000395346,27.17902049971599,True,3.0014144271570014,3.0,1.0,1348.2267919998776,1359.8764563508666,2689.1402381478915,22270801,22275801,1.0,True,2156396544,6978.249874999165,6999.438537199785,1776.4461029031922,1101.9688621718508,0.6203221478945724,-66.96423531647916,1360,0.5679150053765625,-0.0015517841071908123,-0.0015517841071908123,-0.0011735465972471104,-0.0011735465972471104,0,0,0,128,15056,512,1490.7647231347225,False,0.965979343001908,-0.0561526118878378,True,0.990587047952455,-1.4804682932568476,13
16,0,,phasegate3to0,phasegate,3,1,376f570c57d441afba61911da678d0c5,static_calibration_phasegate3to0_r01_a16,False,calibration,valid,1.5946745562130178,3.0,0,14320,0.3960628366926701,0.0,9.026328169975386,1367.8538562497806,16,0.9977810650887574,176,14352,0,2048,0.03115264797507788,0.0,1.0,0.014018691588785047,3.0,2.2222222222222223,0.014018691588785047,38.02315562388204,0,10.099407542000336,16,2159214592,2139422720,True,,7719288832,7754924032,Mac mini,False,0.3960628366926701,4,85,90,6.0,1.5B,1.2218865093878482,1.0123821719862893,128,10.606968450429122,1360.0345830000151,11.029148620200427,1384.7908579499745,348,0,0,0,1558.1904792785645,2159230976,38.37533300065843,30.156708000504295,True,3.004243281471004,3.0,1.0,1345.3863539998565,1368.7567143503657,2687.7722584954786,22270801,22275801,1.0,True,2159214592,6959.445874999801,7015.925225599676,1785.5191607979175,1101.86514999465,0.6171119157871403,-67.89863867860586,1352,0.4087900033482583,-0.0017601654250891663,-0.0017601654250891663,-0.0018004269551910035,-0.0018004269551910035,0,0,0,128,15120,512,1497.1175226982932,False,1.042440924770479,0.029125015524163245,True,0.979074870001433,-3.4555770761115663,13
1,1,,phasegate2to1,phasegate,2,1,5b5c954b20dd4e13a80af65eb3f79b76,static_calibration_phasegate2to1_r01_a01,False,calibration,valid,1.5360230547550433,2.0,3664,10464,0.39703421890287316,0.0,9.026328169975386,1367.8538562497806,16,0.9985590778097982,3712,10528,0,2048,1.0090361445783131,1.0,1.0,0.010542168674698794,1.0,1.0,0.9984939759036144,799.796905365021,0,10.07469837499957,16,2153218048,2139963392,True,,7726252032,7630225408,Mac mini,False,0.39703421890287316,4,85,90,6.0,1.5B,1.1969007825866922,1.0032149332912639,128,10.591276800460037,1361.22570849966,10.803619250527845,1372.2514151498217,358,0,0,0,1558.1904792785645,2153267200,26.424333998875227,14.460353999311337,True,2.0138504155124655,2.0,1.0,1344.8061459994278,1356.1178090005342,1973.9818797103324,22270801,22275801,1.0,True,2153218048,4617.914833001123,6400.603746099841,1612.4973328147576,1289.1155980938709,0.7994528560513058,-32.20135648390397,1388,0.4824169991479721,-0.0016463435781115532,-0.0016463435781115532,-0.001731008329103001,-0.001731008329103001,0,0,0,128,14976,512,1486.496115572357,False,0.9498169530964979,-0.06625116049169229,True,0.9905303786519097,-1.5120827734979145,13
1,3,,phasegate4to3,phasegate,4,1,b9f0d20ef3ed43f5af9b376f549f4b08,static_calibration_phasegate4to3_r01_a01,False,calibration,valid,3.4992743105950654,4.0,10560,17440,0.3678949877868923,0.0,9.026328169975386,1367.8538562497806,16,0.5,10592,17440,0,2048,3.0029027576197387,3.0,1.0,0.008708272859216255,1.0,1.0,1.0,1980.769545892031,0,10.872667833999003,16,2161983488,2135785472,True,,7722483712,7729102848,Mac mini,False,0.3678949877868923,4,85,90,6.0,1.5B,1.435043513316949,1.0161694924857667,128,12.841243649745593,1364.614895500381,12.953173689393225,1389.9713589000385,353,0,0,0,1558.1904792785645,2162065408,61.046833001455525,29.830354499608802,True,3.9956204379562044,4.0,1.0,1346.0652079993451,1374.3555668513181,3255.492305880958,22270801,22275801,1.0,True,2161983488,5546.540707999156,7028.606237499296,2821.296737258544,2460.9534095166937,0.8722774095389922,-33.24975974198679,1378,0.24283399943669792,-0.0017223073182459636,-0.0017223073182459636,-0.0016867137972861324,-0.0016867137972861324,0,0,0,128,28928,512,2660.616551674805,False,1.0315170350705423,0.04455219134891695,True,0.9784791869514368,-3.215092249874228,9
1,1,resident_memory_preflight,phasegate3to1,phasegate,3,1,673d91437e424f7c9c9fb501f35aec9a,static_calibration_phasegate3to1_r01_a01,False,calibration,invalid,,,,,,,,,,,,,,,,,,,,,,,,,,,,,,,,,,,,,,,,,,,,,,,,,,,,,,,,,,,,,,,,,,,,,,,,,,,,,,,,,,,,,,,,,,,,
2,1,memory_clean,phasegate3to1,phasegate,3,1,9047b5b700b14ec3865a2dba21a975eb,static_calibration_phasegate3to1_r01_a02,False,calibration,invalid,2.0507065669160434,3.0,3648,14256,0.3971971370146828,0.0,9.026328169975386,1367.8538562497806,16,0.99833748960931,3760,14304,0,2048,1.0138648180242635,1.0,1.0,0.010398613518197574,2.0,1.5,0.9982668977469671,825.4079973403883,1,10.070566042000792,16,2154086400,2134507520,True,,7710310400,7656210432,Mac mini,False,0.3971971370146828,4,85,90,6.0,1.5B,1.1673352891782052,1.0048306800616227,128,10.267162499803817,1363.1273750006585,10.536751404515597,1374.46152060038,330,8,0,-1,1558.1904792785645,2154135552,39.616416999706416,29.843416499716113,True,3.003205128205128,3.0,1.0,1344.2833330000212,1356.6213036012414,2680.8547927846384,22270801,22275801,1.0,True,2154086400,5931.710166500125,7017.206010650079,2044.9216665582705,1565.3676458137545,0.7654902734970601,-47.7645625477393,1203,0.3160400010528974,-0.0007348081027392928,-0.0007348081027392928,-0.0019279744087195017,-0.0019279744087195017,0,0,0,128,18720,512,1858.8826012287154,False,1.0321724476652447,0.029118446156913905,True,0.9872852022920457,-1.953807655388529,13
3,1,memory_clean,phasegate3to1,phasegate,3,1,444b824829204453a544176abc24bfee,static_calibration_phasegate3to1_r01_a03,False,calibration,invalid,2.044591246903386,3.0,3632,14272,0.3968572346576973,0.0,9.026328169975386,1367.8538562497806,16,0.9966969446738233,3696,14320,0,2048,1.011965811965812,1.0,1.0,0.006837606837606838,2.0,1.75,1.0,803.9466471772355,0,10.079191332999471,16,2155266048,2135441408,True,,7711473664,7631650816,Mac mini,False,0.3968572346576973,4,85,90,6.0,1.5B,1.1758248326020857,1.0075995671627838,128,10.564925500148089,1362.5016040004994,10.6133808094728,1378.2489534992237,358,8,0,0,1558.1904792785645,2155331584,41.324583000459825,18.431979000524734,True,3.0032154340836015,3.0,1.0,1344.7740415003864,1361.923609850055,2680.0419430076854,22270801,22275801,1.0,True,2155266048,5904.557125000792,6991.572283000187,2067.7423737913214,1568.0746826589104,0.7583510898331873,-49.74648380311938,1211,0.3911219955625711,-0.001482737329352779,-0.001482737329352779,-0.0014178936560632627,-0.0014178936560632627,0,0,0,128,18736,512,1858.879287136654,False,1.0356714581383777,0.047382867637758834,True,0.9853195543148624,-2.239860765209195,13
4,1,memory_clean,phasegate3to1,phasegate,3,1,76cf6447bedd451899c904e43d8e4037,static_calibration_phasegate3to1_r01_a04,False,calibration,invalid,2.0492610837438425,3.0,3648,14240,0.39783678733365624,0.0,9.026328169975386,1367.8538562497806,16,0.9983579638752053,3760,14288,0,2048,1.023728813559322,1.0,1.0,0.015254237288135594,2.0,1.6666666666666667,0.9983050847457627,820.3033067241539,0,10.054374375000407,16,2151776256,2132131840,True,,7700824064,7743586304,Mac mini,False,0.39783678733365624,4,85,90,6.0,1.5B,1.15524050631969,1.004816213895442,128,10.10781269997096,1362.1430625007633,10.427579925290045,1374.4417329991848,350,11,0,0,1558.1904792785645,2151858176,42.75841699927696,22.60520800064114,True,3.009584664536741,3.0,1.0,1344.9539165003443,1358.4987143002763,2671.085448608237,22270801,22275801,1.0,True,2151776256,5899.034082999606,6964.475908849727,2067.130181851981,1573.1612939278707,0.7610363912922242,-49.29469186046999,1218,0.389247999919462,-0.0016492282821091164,-0.0016492282821091164,-0.0019826441964342356,-0.0019826441964342356,0,0,0,128,18720,512,1861.8761647215113,False,1.038366362647451,0.034485734123745435,True,0.9883546416390016,-2.0655710951059385,13
5,1,memory_clean,phasegate3to1,phasegate,3,1,8a685e2b24594d26828f46915c01ff5f,static_calibration_phasegate3to1_r01_a05,False,calibration,invalid,2.051282051282051,3.0,3632,14288,0.39582037923520186,0.0,9.026328169975386,1367.8538562497806,16,0.9978021978021978,3664,14336,0,2048,1.0046012269938651,1.0,1.0,0.003067484662576687,2.0,2.0,0.9984662576687117,801.9479704919726,0,10.105593875001432,16,2157494272,2137735168,True,,7712276480,7655899136,Mac mini,False,0.39582037923520186,4,85,90,6.0,1.5B,1.1784488786412262,1.0097982030300987,128,10.573885349640477,1366.0595834999185,10.637066310155205,1381.2563660488195,455,16,0,0,1558.1904792785645,2157576192,43.70112499964307,35.28941649983608,True,3.0042253521126763,3.0,1.0,1346.2974165004198,1362.4844437493266,2639.731742049384,22270801,22275801,1.0,True,2157494272,5884.570729499501,6998.68752680004,2058.403160019213,1561.7942467133485,0.7587406962097604,-49.28743448557004,1365,0.41870800487231463,-0.0008553920681694249,-0.0008553920681694249,-0.001710938980182708,-0.001710938980182708,0,0,0,128,18736,512,1854.0226563376855,False,0.9974857249634975,0.006616670664059967,True,0.9856440300987014,-2.3972229642045138,13
6,1,memory_clean,phasegate3to1,phasegate,3,1,9738ad4e7d7d4552ad010f8f7e5f9d48,static_calibration_phasegate3to1_r01_a06,False,calibration,invalid,2.04828090709583,3.0,3632,14208,0.3965410434981236,0.0,9.026328169975386,1367.8538562497806,16,0.9978054133138259,3728,14240,0,2048,1.0106707317073171,1.0,1.0,0.006097560975609756,2.0,1.75,1.0,812.1362228261104,0,10.087228208998567,16,2152267776,2132459520,True,,7713636352,7649361920,Mac mini,False,0.3965410434981236,4,85,90,6.0,1.5B,1.1869847377017138,1.0094094697994305,128,10.46348130039405,1364.65558350028,10.714113775247824,1380.7246358001976,428,5,0,0,1558.1904792785645,2152349696,36.94041699964146,20.709708001049876,True,3.001412429378531,3.0,1.0,1347.6605834994189,1362.9052626003613,2657.082820212357,22270801,22275801,1.0,True,2152267776,5857.294729000387,6994.02210180051,2058.2622704794567,1570.5941180259208,0.763068021287716,-48.489528482849764,1367,0.40112600072461646,-0.0016541910889488198,-0.0016541910889488198,-0.0018148199511057728,-0.0018148199511057728,0,0,0,128,18752,512,1858.9844119192032,False,1.0235208071099018,0.023715495802740412,True,0.9855129313157948,-2.503884157273566,13
7,1,"memory_clean,within_block_drift_clean",phasegate3to1,phasegate,3,1,048caa435b6a47a8829cf51036851676,static_calibration_phasegate3to1_r01_a07,False,calibration,invalid,2.0404411764705883,3.0,3616,14192,0.3961340420414831,0.0,9.026328169975386,1367.8538562497806,16,0.9985294117647059,3696,14208,0,2048,1.007645259938838,1.0,1.0,0.0045871559633027525,2.0,1.6666666666666667,1.0,791.0642767936497,0,10.097592166999675,16,2155954176,2136244224,True,,7706066944,7688142848,Mac mini,False,0.3961340420414831,4,85,91,6.0,1.5B,1.231821285991438,1.00681839113013,128,10.937833449861497,1364.285479499813,11.118823174119823,1377.1804188505484,388,21,0,0,1558.1904792785645,2155986944,29.44483300052525,9.15602049917652,True,2.9943181818181817,3.0,1.0,1348.4487704999992,1361.414483000226,2666.0857752151683,22270801,22275801,1.0,True,2155954176,5922.404104000634,6955.292781201115,2063.28132255989,1557.5222068924197,0.754876317573611,-50.24579085713623,1360,0.4999980010325089,0.0001702287850655626,0.0001702287850655626,-0.001556561177113669,-0.001556561177113669,0,0,0,128,18688,512,1850.7382444178093,False,0.8832237554748926,-0.16420001977870394,True,0.9886388413365268,-1.7637063489242712,13
8,1,resident_memory_preflight,phasegate3to1,phasegate,3,1,dc082c73140841d48850b75e900b0469,static_calibration_phasegate3to1_r01_a08,False,calibration,invalid,,,,,,,,,,,,,,,,,,,,,,,,,,,,,,,,,,,,,,,,,,,,,,,,,,,,,,,,,,,,,,,,,,,,,,,,,,,,,,,,,,,,,,,,,,,,
9,1,memory_clean,phasegate3to1,phasegate,3,1,c1bc823a06bd423991e1be7cbfb8322d,static_calibration_phasegate3to1_r01_a09,False,calibration,invalid,2.0543318649045523,3.0,3568,14256,0.39594142554049044,0.0,9.026328169975386,1367.8538562497806,16,0.9977973568281938,3600,14304,7482,2048,1.0030864197530864,1.0,1.0,0.0015432098765432098,2.0,2.0,1.0,790.7579361394127,85,10.102504415999647,16,2157412352,2137620480,True,,7704035328,7483834368,Mac mini,False,0.39594142554049044,4,85,91,6.0,1.5B,1.1988360263077613,1.0103782056726187,128,10.609754349570721,1365.0885830002153,10.821087395443099,1382.0497249000255,388,28,1906,7397,1558.1904792785645,2157461504,42.40491699965787,35.83812449960533,True,3.0042194092827006,3.0,1.0,1346.667853499639,1362.817979349802,2650.039611173278,22270801,22275801,1.0,True,2157412352,5896.532875000958,7000.301673249942,2061.269460322578,1567.3158161647627,0.7603643513543764,-49.10277957208142,1362,0.4976249983883463,-0.0007279689364426689,-0.0007279689364426689,-0.0017135292575136685,-0.0017135292575136685,0,0,0,128,18736,512,1854.5896372316572,False,0.9767146397300996,-0.042809018722207486,True,0.9850822275459682,-2.3653958812734803,13
10,1,memory_clean,phasegate3to1,phasegate,3,1,cf439f6799514277bc74707206119186,static_calibration_phasegate3to1_r01_a10,False,calibration,invalid,2.0409356725146197,3.0,3648,14112,0.3963182840691782,0.0,9.026328169975386,1367.8538562497806,16,0.9978070175438597,3760,14144,0,2048,1.0180722891566265,1.0,1.0,0.012048192771084338,2.0,1.625,0.9984939759036144,808.8378297044899,0,10.092897958000322,16,2155200512,2135474176,True,,7696498688,7671857152,Mac mini,False,0.3963182840691782,4,85,90,6.0,1.5B,1.1959432220344324,1.0072028966073578,128,10.518183000476707,1364.7907710010259,10.794975994740525,1377.7063661503234,370,13,0,0,1558.1904792785645,2155266048,39.575083001182065,18.3673120009189,True,3.0014265335235377,3.0,1.0,1347.9533750014525,1360.9720999514138,2652.799901903913,22270801,22275801,1.0,True,2155200512,5847.959187500237,6975.768587600487,2066.67314374317,1556.80087150939,0.7532883834207588,-50.686033492943814,1368,0.47733300016261637,-0.0012873066560474822,-0.0012873066560474822,-0.001711916429619098,-0.001711916429619098,0,0,0,128,18736,512,1856.3548425800307,False,1.0594093064555574,0.0691533029474829,True,0.9856401362677543,-2.716744168784598,13
11,1,memory_clean,phasegate3to1,phasegate,3,1,76eaca46a7894cb5831b6bec277caa06,static_calibration_phasegate3to1_r01_a11,False,calibration,invalid,2.0343980343980346,3.0,3664,14304,0.39712795573183535,0.0,9.026328169975386,1367.8538562497806,16,0.9991809991809992,3744,14352,2,2048,1.015075376884422,1.0,1.0,0.011725293132328308,2.0,1.2857142857142858,1.0,804.1675667981773,0,10.072320375000345,16,2157002752,2137292800,True,,7699038208,7688372224,Mac mini,False,0.39712795573183535,4,85,90,6.0,1.5B,1.1698708979154797,1.0057211175119882,128,10.318737450324988,1361.2217079999027,10.559638641088894,1375.6795089006118,335,18,0,2,1558.1904792785645,2157084672,39.82695800004876,17.605625000214786,True,3.0080256821829856,3.0,1.0,1345.1375409995308,1357.733893650402,2689.346345640512,22270801,22275801,1.0,True,2157002752,5913.27018750053,6955.164478601,2069.216855117094,1553.319223300909,0.750679765370947,-51.27713652031622,1221,0.3556259998731548,-0.0015826013036751574,-0.0015826013036751574,-0.0017432446847909233,-0.0017432446847909233,0,0,0,128,18848,512,1871.266927408408,False,0.9777391195912359,-0.019397178160710044,True,0.9878255125293162,-2.0044529711687855,13
12,1,memory_clean,phasegate3to1,phasegate,3,1,5cb7200e16d7420a9b1a81cf1683fa89,static_calibration_phasegate3to1_r01_a12,False,calibration,invalid,2.036976170912079,3.0,3664,14208,0.3970860370881002,0.0,9.026328169975386,1367.8538562497806,16,0.9983566146261298,3760,14256,0,2048,1.023489932885906,1.0,1.0,0.015100671140939598,2.0,1.6666666666666667,0.9983221476510067,815.816947542277,0,10.073383666000154,16,2158018560,2138275840,True,,7702659072,7750811648,Mac mini,False,0.3970860370881002,4,85,91,6.0,1.5B,1.198278728264902,1.005869784964543,128,10.483531549925829,1362.09918700024,10.816057040419764,1375.882864248888,346,52,0,0,1558.1904792785645,2158149632,45.14375000144355,25.025603999893065,True,3.0064620355411953,3.0,1.0,1344.8144584999682,1359.4670017997487,2664.229958756442,22270801,22275801,1.0,True,2158018560,5900.194646500495,6978.877248299705,2064.8368893345246,1568.3026389322038,0.7595285840895895,-49.46126616637803,1217,0.36404200000106357,-0.0014616920185054338,-0.0014616920185054338,-0.00173887110096127,-0.00173887110096127,0,0,0,128,18704,512,1856.7743094239565,False,1.03021989996463,0.00722821969213751,True,0.9870633029593447,-2.200755650941859,13
13,1,memory_clean,phasegate3to1,phasegate,3,1,64a5c870c6c146919950db5a4355e6ff,static_calibration_phasegate3to1_r01_a13,False,calibration,invalid,2.0378600823045265,3.0,3584,14272,0.3973281042263659,0.0,9.026328169975386,1367.8538562497806,16,0.9983539094650206,3648,14320,0,2048,1.0134907251264755,1.0,1.0,0.008431703204047217,2.0,1.8,0.9983136593591906,799.9659516241884,0,10.067246583999804,16,2154496000,2134720512,True,,7689994240,7665057792,Mac mini,False,0.3973281042263659,4,85,91,6.0,1.5B,1.1883758033010825,1.0109641581458806,128,10.114062349930462,1364.474187000269,10.72666998985369,1382.8512222501558,353,4,0,0,1558.1904792785645,2154528768,33.77679100049136,22.53627099980804,True,3.011290322580645,3.0,1.0,1344.8513750008715,1365.1807536001797,2652.527878545959,22270801,22275801,1.0,True,2154496000,5867.645687500044,6975.753168749543,2068.4512992649566,1563.4329334326535,0.755847108408225,-50.33766532155191,1215,0.41870600398397073,-0.0013912337830956911,-0.0013912337830956911,-0.0016212961606534293,-0.0016212961606534293,0,0,0,128,18688,512,1856.3169029455814,False,0.9124804270017453,-0.08312112133807724,True,0.9830093901029423,-3.035671644533609,13
14,1,memory_clean,phasegate3to1,phasegate,3,1,54c6ab3eff164ac6baf30fbdf3d69072,static_calibration_phasegate3to1_r01_a14,False,calibration,invalid,2.0512396694214874,3.0,3632,14320,0.39770198348516594,0.0,9.026328169975386,1367.8538562497806,16,0.9975206611570248,3744,14368,0,2048,1.013745704467354,1.0,1.0,0.00859106529209622,2.0,1.6,1.0,820.7766247393481,2,10.057782375000897,16,2154774528,2135048192,True,,7698808832,7689519104,Mac mini,False,0.39770198348516594,4,85,91,6.0,1.5B,1.2012775926684387,1.0072995933416182,128,10.381585350114618,1363.1074380000427,10.843125774663346,1377.8386331511683,335,14,0,-2,1558.1904792785645,2154872832,34.77983300035703,17.42093749999185,True,3.008,3.0,1.0,1345.0985835006577,1360.8350286510358,2684.087811336921,22270801,22275801,1.0,True,2154774528,5888.467249999849,6957.620675101134,2056.212210612131,1564.3248102741031,0.7607798466523094,-49.04809115490741,1210,0.34679100826906506,-0.0015423390294799777,-0.0015423390294799777,-0.001651384179596871,-0.001651384179596871,0,0,0,128,18688,512,1858.0636668426953,False,0.959601059152771,-0.07418777850311951,True,0.9868782713304038,-2.3238098410311103,13
15,1,memory_clean,phasegate3to1,phasegate,3,1,54922f6bbac24d58b8d8676995d22fcd,static_calibration_phasegate3to1_r01_a15,False,calibration,invalid,2.0488006617038876,3.0,3632,14256,0.39742598942508894,0.0,9.026328169975386,1367.8538562497806,16,0.9983457402812241,3680,14304,0,2048,1.0085910652920962,1.0,1.0,0.00859106529209622,1.0,1.0,1.0,802.8842744861572,0,10.064767042000312,16,2157264896,2137620480,True,,7702659072,7699169280,Mac mini,False,0.39742598942508894,4,85,91,6.0,1.5B,1.176255425762821,1.0066245564598821,128,10.319839750809475,1362.8113334998488,10.617267484649343,1376.9152813493747,335,1,0,0,1558.1904792785645,2157330432,23.45795899964287,19.33889550036838,True,3.0112,3.0,1.0,1345.886520500244,1359.49774194969,2663.6028485508923,22270801,22275801,1.0,True,2157264896,5883.528624500286,6956.278454400399,2064.2974092500417,1556.1386626858268,0.7538345277733848,-50.639553847188814,1209,0.4018320069008041,-0.0002686496639729974,-0.0002686496639729974,-0.0019467718822140379,-0.0019467718822140379,0,0,0,128,18688,512,1856.7742225940156,False,1.0465745915599893,0.07294311417093309,True,0.9872159805416058,-2.1967490410680375,13
16,1,memory_clean,phasegate3to1,phasegate,3,1,9a4d82d2a5a844d790153c46421c2946,static_calibration_phasegate3to1_r01_a16,False,calibration,invalid,2.041288191577209,3.0,3584,14032,0.39703056209262233,0.0,9.026328169975386,1367.8538562497806,16,0.9966969446738233,3648,14080,147,2048,1.0102389078498293,1.0,1.0,0.010238907849829351,2.0,1.1666666666666667,0.9982935153583617,798.6120757862024,0,10.074791167000512,16,2158182400,2138570752,True,,7713357824,7688437760,Mac mini,False,0.39703056209262233,4,85,91,6.0,1.5B,1.1548287546084546,1.0095986894655433,128,10.161537600015432,1362.2158120006134,10.423863319219887,1380.9834606501681,366,2,29,147,1558.1904792785645,2158247936,25.97270799924445,21.86127100048907,True,3.001610305958132,3.0,1.0,1346.1940830002277,1362.9660642994168,2621.827662012321,22270801,22275801,1.0,True,2158182400,5904.177083499235,6955.657050051013,2053.2115006768363,1568.6948649591689,0.7640201043302418,-48.266233554481296,1211,0.5665819990099408,-0.0013286848460234424,-0.0013286848460234424,-0.0015433317399373703,-0.0015433317399373703,0,0,0,128,18688,512,1854.9267860967316,False,1.0097827602902008,0.014659722325824557,True,0.9851112000292526,-2.4925210937416185,13
17,1,,phasegate3to1,phasegate,3,1,cc86846de5eb4b4a8480661d3b508cbc,static_calibration_phasegate3to1_r01_a17,False,calibration,valid,2.0493372606774667,3.0,3632,14288,0.39634888362767523,0.0,9.026328169975386,1367.8538562497806,16,0.9977908689248896,3680,14320,0,2048,1.0107692307692309,1.0,1.0,0.009230769230769232,2.0,1.1666666666666667,1.0,798.0015413203176,0,10.092118749998917,16,2156314624,2136702976,True,,7724105728,7768358912,Mac mini,False,0.39634888362767523,4,85,91,6.0,1.5B,1.2117676699916395,1.009315585719657,128,10.133641550783066,1364.2478959991422,10.937812655110973,1380.5962160996387,348,0,0,0,1558.1904792785645,2156363776,55.336999999781256,38.53793749931356,True,2.998581560283688,3.0,1.0,1348.4199999993507,1364.5089955486583,2685.645036882433,22270801,22275801,1.0,True,2156314624,5906.717124998977,6935.04303754944,2057.0088223661674,1567.3395966386086,0.7619508383224655,-48.67123971991646,1358,0.44970999988436233,-0.0017097605314543296,-0.0017097605314543296,-0.0016546258411772596,-0.0016546258411772596,0,0,0,128,18736,512,1856.4981709120307,False,1.0799005733222031,0.08690510710902402,True,0.9852542571772751,-2.4600522130071814,13
1,0,,phasegate2to0,phasegate,2,1,0ac7af058ede44fc83a591ae17a5803d,static_calibration_phasegate2to0_r01_a01,False,calibration,valid,1.062727935813275,2.0,0,10448,0.3965010795540882,0.0,9.026328169975386,1367.8538562497806,16,0.9985412107950401,32,10480,0,2048,0.004629629629629629,0.0,1.0,0.0030864197530864196,2.0,1.5,0.0030864197530864196,6.868152753261437,0,10.088244915999894,16,2148859904,2135670784,True,,7719895040,7724810240,Mac mini,False,0.3965010795540882,4,85,91,6.0,1.5B,1.186385023707287,1.0063669892146203,128,10.555689650664133,1364.8759374991641,10.708700559926001,1376.5629669996997,359,0,0,0,1558.1904792785645,2148909056,18.706958000620943,13.368312500460888,True,2.0055478502080444,2.0,1.0,1347.936604500319,1359.5769563006797,1966.437711772274,22270801,22275801,1.0,True,2148859904,6600.3841874999125,6612.390844050515,1333.83026092718,818.3507841511072,0.6135344264736131,-51.24689289074058,1371,0.5680819995177444,-0.0017507665021493368,-0.0017507665021493368,-0.0015881220687437025,-0.0015881220687437025,0,0,0,128,11280,512,1118.1330443425288,False,1.0208319998847821,0.04080655521045193,True,0.9860075560652564,-2.1964142582714405,13
1,0,,fixed0,fixed0,0,2,47945856b8d84146ab8b8424a163c77f,static_calibration_fixed0_r02_a01,False,calibration,valid,0.023121387283236993,0.0,0,0,0.39375219124635585,0.0,9.026328169975386,1367.8538562497806,16,0.9971098265895953,0,128,0,2048,0.0,0.0,1.0,0.0,0.0,0.0,0.0,0.0,0,10.15867362499921,16,2135572480,2134966272,True,,7723253760,7786905600,Mac mini,False,0.39375219124635585,4,85,91,6.0,1.5B,1.2490484671588957,1.011556060413647,128,11.052020500119397,1360.519145499893,11.274321364780917,1383.6608580496431,358,0,0,0,1558.1904792785645,2135638016,22.33558300031291,5.642583500048204,True,0.02203856749311295,0.0,1.0,1342.4958335008341,1360.7013830501273,23.97879506595373,22280801,22285801,1.0,True,2135572480,,,37.65839140756225,18.99665388041485,0.5044467692425146,-1.841894588953761,1384,0.4069970018463209,-0.001396041001998305,-0.001396041001998305,-0.0012721539585186514,-0.0012721539585186514,0,0,0,128,640,512,63.00035059941693,False,0.9605534875425903,-0.05137965591613304,True,0.9793082175214493,-3.3104937488957575,9
1,1,,phasegate3to1,phasegate,3,2,0083939278494eefb64b1e4feb823c3d,static_calibration_phasegate3to1_r02_a01,False,calibration,valid,2.046473029045643,3.0,3600,14288,0.3952814853809045,0.0,9.026328169975386,1367.8538562497806,16,0.9983402489626556,3648,14336,0,2048,1.0069084628670122,1.0,1.0,0.0069084628670120895,2.0,1.5,0.9965457685664939,792.4627336612227,0,10.119370999998864,16,2155266048,2135605248,True,,7713210368,7742734336,Mac mini,False,0.3952814853809045,4,85,91,6.0,1.5B,1.2456471427927844,1.0076765706384199,128,11.024204149816793,1366.600832999211,11.243619894839863,1378.354283000317,313,0,0,0,1558.1904792785645,2155331584,46.23666699990281,33.5802710005737,True,3.0048076923076925,3.0,1.0,1345.3218539989393,1360.4058125000847,2650.0398767780625,22280801,22285801,1.0,True,2155266048,5891.913437500079,6954.305779449078,2036.1566269052826,1558.9831336085733,0.7656499077765169,-47.30516151923749,1205,0.346124999850872,-0.001461691647474339,-0.001461691647474339,-0.0019196299844144171,-0.0019196299844144171,0,0,0,128,18720,512,1849.917351582633,False,0.9213780550426272,-0.08897840887136321,True,0.9927496002795553,-1.1614706764100442,13
1,2,,phasegate3to2,phasegate,3,2,4e08548f25484b6abf08b34895006649,static_calibration_phasegate3to2_r02_a01,False,calibration,valid,2.510154346060114,3.0,7488,14208,0.37699656497222805,0.0,9.026328169975386,1367.8538562497806,16,0.9983753046303818,7520,14256,0,2048,2.0049099836333877,2.0,1.0,0.004909983633387889,1.0,1.0,1.0,1457.8619260292583,0,10.610176250000222,16,2155380736,2135752704,True,,7709097984,7681507328,Mac mini,False,0.37699656497222805,4,85,91,6.0,1.5B,1.4016015823110557,1.0053672172043853,128,12.500508449829795,1361.3545414991677,12.651315845496356,1375.195425000129,318,0,0,0,1558.1904792785645,2155446272,48.279208998792456,11.925541499294923,True,3.004854368932039,3.0,1.0,1345.0391039996248,1359.595379399525,2669.0999237017895,22280801,22285801,1.0,True,2155380736,5044.465874998423,6804.531241600853,2262.6462205245225,1933.3335880385393,0.8544568613958383,-31.12816751933596,1231,0.4754569981741952,-0.0017967665444651448,-0.0017967665444651448,-0.0017919745879375615,-0.0017919745879375615,0,0,0,128,22560,512,2126.260626443366,False,0.9951658538695749,0.001375598635113769,True,0.9878998207227834,-1.9643597291945907,13
1,1,,phasegate4to1,phasegate,4,2,ff4fddd5348746d0bc1ec03df6ad225c,static_calibration_phasegate4to1_r02_a01,False,calibration,valid,2.511824324324324,4.0,3616,17312,0.39640327287897037,0.0,9.026328169975386,1367.8538562497806,16,0.49746621621621623,3664,17312,0,2048,1.0101867572156198,1.0,1.0,0.006791171477079796,2.0,1.75,0.99830220713073,790.918056160614,0,10.090734041999895,16,2161541120,2135621632,True,,7714013184,7732051968,Mac mini,False,0.39640327287897037,4,85,91,6.0,1.5B,1.2102290211386357,1.0098123388974722,128,10.320779150060842,1368.2478334994812,10.923924305625405,1381.2757018495176,330,0,0,0,1558.1904792785645,2161606656,46.456207999654,17.626979500164452,True,3.9983136593591904,4.0,1.0,1349.8514795001029,1364.5639330991798,3241.522672335714,22280801,22285801,1.0,True,2161541120,7269.229125000493,7290.136083398829,2451.3545668929396,1816.5659522187714,0.7410457780170273,-63.11867998418692,1184,0.37833199530723505,-0.0015040469145015667,-0.0015040469145015667,-0.001376592888347683,-0.001376592888347683,0,0,0,128,21936,512,2173.875548468274,False,1.030515514348069,0.034791882477175066,True,0.9864595992210602,-2.1477864139005156,9
1,0,,phasegate1to0,phasegate,1,2,9bc22c99384f4c8e8a9826e3c074fcd8,static_calibration_phasegate1to0_r02_a01,False,calibration,valid,0.5595238095238095,1.0,0,5616,0.39501996520672605,0.0,9.026328169975386,1367.8538562497806,16,0.9976190476190476,48,5712,0,2048,0.006872852233676976,0.0,1.0,0.006872852233676976,1.0,1.0,0.006872852233676976,10.25726575840364,0,10.126070457999958,16,2142896128,2135883776,True,,7716405248,7774715904,Mac mini,False,0.39501996520672605,4,85,91,6.0,1.5B,1.241923111357518,0.9996493274500563,128,10.968491799394542,1358.580083000561,11.210005564989842,1367.3741874500593,325,0,0,0,1558.1904792785645,2142945280,19.43720800045412,13.040791500316118,True,1.0207407407407407,1.0,1.0,1343.672062499536,1354.4917437510776,1074.070869376948,22280801,22285801,1.0,True,2142896128,6436.239667000336,6436.239667000336,723.922199161038,446.20438957321534,0.6163706405057434,-27.5087067155288,1260,0.45637599760084413,-0.001611727505911098,-0.001611727505911098,-0.001208674843936497,-0.001208674843936497,0,0,0,128,6320,512,624.1315450266271,False,1.0696164720233565,0.08014709652796974,True,0.9920565000435233,-1.4458308198060497,13
1,4,,fixed4,fixed,4,2,c3d8f3a25d7c4bc192e7c39f585257af,static_calibration_fixed4_r02_a01,False,calibration,valid,3.9942100909842844,4.0,13968,17488,0.3566491210159468,0.0,9.026328169975386,1367.8538562497806,16,0.0,13968,17488,0,2048,3.996732026143791,4.0,1.0,0.0,0.0,0.0,1.0,2431.313024144161,0,11.215505000000121,16,2163326976,2137341952,True,4,7708786688,7743373312,Mac mini,False,0.3566491210159468,4,85,91,6.0,1.5B,1.59895929210555,1.0110379599266066,128,14.303770900005475,1363.8553125001636,14.432731300976227,1382.95217230052,313,0,0,0,1558.1904792785645,2163392512,5.201707999731298,3.139479500532616,True,3.991582491582492,4.0,1.0,1346.0942915007763,1364.0045785007715,3276.7438084941255,22280801,22285801,1.0,True,2163326976,5577.592041499884,5815.660783100429,2970.414521385871,2745.931109815375,0.9244269074385747,-20.080129655112877,1209,0.06991699410718866,-0.0014237248515585055,-0.0014237248515585055,-0.0016506862661599397,-0.0016506862661599397,0,0,0,128,32272,512,2877.445108356659,False,0.9968827138966946,-0.0038327515011137713,True,0.9831715931136532,-2.4818580019628067,1
1,2,,fixed2,fixed,2,2,85d70bf2a3784529a59e74392b7789a9,static_calibration_fixed2_r02_a01,False,calibration,valid,1.9992088607594938,2.0,7520,10544,0.37727836785230195,0.0,9.026328169975386,1367.8538562497806,16,1.0,7520,10544,0,2048,1.9983633387888706,2.0,1.0,0.0,0.0,0.0,1.0,1460.3105388228291,5,10.602251124999384,16,2149089280,2135670784,True,2,7702102016,7689453568,Mac mini,False,0.37727836785230195,4,85,91,6.0,1.5B,1.3881779389362365,1.0047228319167658,128,12.465170949963067,1358.5106459995586,12.530149635158523,1374.3140000995481,364,0,-3,-5,1558.1904792785645,2149154816,3.742208999028662,2.501916499568324,True,2.0,2.0,1.0,1343.0311669999355,1358.42563939932,1980.3825554152443,22280801,22285801,1.0,True,2149089280,4610.284270999728,4823.142141050812,1797.4232109891002,1652.6233705816492,0.9194403190510879,-13.69242324078205,1264,0.07333299618039746,-0.0013699547193117834,-0.0013699547193117834,-0.0016959258654766218,-0.0016959258654766218,0,0,0,128,18528,512,1747.5533998918627,False,1.0094413682778394,0.028592365044015636,True,0.9864557389934868,-2.1113566917404394,1
1,3,,fixed3,fixed,3,2,f6b6f9e2cc5946849b9971c7fc17bf1f,static_calibration_fixed3_r02_a01,False,calibration,valid,2.9959546925566345,3.0,10544,14160,0.3684822881770064,0.0,9.026328169975386,1367.8538562497806,16,1.0,10544,14160,0,2048,2.9967637540453076,3.0,1.0,0.0,0.0,0.0,1.0,1963.9365230765748,0,10.855338583000048,16,2157363200,2137686016,True,3,7713259520,7733018624,Mac mini,False,0.3684822881770064,4,85,91,6.0,1.5B,1.4733169280297367,1.005196003299579,128,13.246223000078317,1362.8482499998427,13.298642090776411,1374.9612294001963,318,0,0,0,1558.1904792785645,2157428736,34.22275000048103,4.038791500533989,True,2.9951298701298703,3.0,1.0,1345.810958000584,1358.3865981005147,2635.002921329038,22280801,22285801,1.0,True,2157363200,5098.300499499601,5352.1961982501125,2441.4290295477745,2226.6136046098904,0.9120124229137743,-19.84948683789235,1236,0.08412300121563021,-0.001397189300392787,-0.001397189300392787,-0.001720586173663885,-0.001720586173663885,0,0,0,128,25488,512,2347.9691402638846,False,1.0035018790906534,0.0021587481669680005,True,0.991957063258864,-1.2435492824756045,1
1,0,,phasegate2to0,phasegate,2,2,28f4bcd605d445deabbb027f5ee7a1e0,static_calibration_phasegate2to0_r02_a01,False,calibration,valid,1.0683482506102522,2.0,0,10464,0.3943594148621212,0.0,9.026328169975386,1367.8538562497806,16,0.9983726606997559,96,10528,0,2048,0.01718213058419244,0.0,1.0,0.00859106529209622,2.0,2.0,0.00859106529209622,20.561941986101132,0,10.143031583000266,16,2149498880,2136195072,True,,7716077568,7681425408,Mac mini,False,0.3943594148621212,4,85,91,6.0,1.5B,1.2671461285225263,1.005393942427956,128,10.78732719988693,1365.5067914996835,11.43767679535813,1375.2319812002497,318,0,0,0,1558.1904792785645,2149548032,38.640834000034374,19.771041499552666,True,2.007751937984496,2.0,1.0,1347.8753125009462,1359.9449437503608,1985.718266459372,22280801,22285801,1.0,True,2149498880,6641.779416499958,6642.918703550731,1321.295939948034,813.4642691800404,0.6156563753704062,-50.2190233119381,1229,0.3290839940746082,-0.0015264422644203357,-0.0015264422644203357,-0.0017013081642008876,-0.0017013081642008876,0,0,0,128,11312,512,1115.248425230079,False,0.9368393548471093,-0.08212210484495941,True,0.9901613542265877,-1.3193037966045755,13
1,2,,phasegate4to2,phasegate,4,2,233f1c050f0a4f6d8a030e88fd014382,static_calibration_phasegate4to2_r02_a01,False,calibration,valid,3.0008264462809917,4.0,7584,17472,0.3756092470136789,0.0,9.026328169975386,1367.8538562497806,16,0.5057851239669422,7696,17472,0,2048,2.0277777777777777,2.0,1.0,0.017973856209150325,2.0,1.5454545454545454,1.0,1487.3023686103077,0,10.649365083001612,16,2165293056,2139144192,True,,7709556736,7688945664,Mac mini,False,0.3756092470136789,4,85,91,6.0,1.5B,1.4136210681716466,1.012590620972162,128,12.679856599606865,1362.8862704999847,12.75980766930843,1385.0759856991317,313,0,0,0,1558.1904792785645,2165374976,55.900999999721535,27.222874499784666,True,3.996638655462185,4.0,1.0,1346.143020999989,1366.4732776004712,3269.7766449424853,22280801,22285801,1.0,True,2165293056,5287.995374999809,7555.340708500353,2647.8286573021132,2163.942128045225,0.8172515702923456,-45.58580406456046,1210,0.33471100687165745,-0.001711590736140245,-0.001711590736140245,-0.0016242430252134676,-0.0016242430252134676,0,0,0,128,25904,512,2432.4454836605846,False,0.995115873973976,-0.01913939936801332,True,0.9816763894997311,-2.8408449110424994,9
1,0,,phasegate4to0,phasegate,4,2,92c35c50bece4242ac7c64edb9f3d91b,static_calibration_phasegate4to0_r02_a01,False,calibration,valid,2.0391156462585034,4.0,0,17440,0.3929074089999099,0.0,9.026328169975386,1367.8538562497806,16,0.49404761904761907,208,17440,0,2048,0.03614457831325301,0.0,1.0,0.01549053356282272,4.0,2.3333333333333335,0.01549053356282272,44.78545706797725,0,10.18051558300067,16,2162835456,2136932352,True,,7705608192,7705198592,Mac mini,False,0.3929074089999099,4,85,91,6.0,1.5B,1.2661948994747074,1.0179399556381272,128,10.841522900318516,1365.4958125007397,11.429090689807703,1392.3930937503428,303,0,0,0,1558.1904792785645,2162917376,38.416416000472964,25.854916500975378,True,3.9949324324324325,4.0,1.0,1347.8503750002346,1375.8062518510997,3248.2780788955843,22280801,22285801,1.0,True,2162835456,7313.223146001292,7320.927866999682,2184.6371967027007,1330.963037776461,0.6092375611773432,-84.15217815053173,1176,0.280332998954691,-0.0017542720683544344,-0.0017542720683544344,-0.0016794867762712773,-0.0016794867762712773,0,0,0,128,18336,512,1801.0875628555868,False,1.0198922285364116,0.05318769109561287,True,0.9741557689332219,-4.400501280385114,9
1,1,,phasegate2to1,phasegate,2,2,c517fcff4b434554b7a2ddf79acc78f1,static_calibration_phasegate2to1_r02_a01,False,calibration,valid,1.5447219983883964,2.0,3616,10512,0.39752011382141533,0.0,9.026328169975386,1367.8538562497806,16,0.9983883964544722,3664,10608,0,2048,1.0084889643463497,1.0,1.0,0.008488964346349746,1.0,1.0,1.0,799.6429177095981,0,10.062383916998442,16,2148909056,2135605248,True,,7717322752,7786266624,Mac mini,False,0.39752011382141533,4,85,91,6.0,1.5B,1.1722296331644382,1.0058530754319637,128,10.340785500375205,1361.137625000083,10.580929359512082,1375.860008050313,323,0,0,0,1558.1904792785645,2148990976,22.257083999647875,19.5589380000456,True,2.023076923076923,2.0,1.0,1343.9505835003729,1358.784658100194,1977.0181734885002,22280801,22285801,1.0,True,2148909056,4627.6733329996205,6385.008571100116,1611.8922558827667,1277.8244594496466,0.7927480604153874,-33.22217963540023,1241,0.3912069969373988,-0.0015007899905460365,-0.0015007899905460365,-0.0015975827798607733,-0.0015975827798607733,0,0,0,128,15008,512,1491.4954670579505,False,1.005214208155353,0.01890117237239637,True,0.9864002193717767,-2.079421077313408,13
1,3,,phasegate4to3,phasegate,4,2,d5f375402d9f441c8e31d50479847f88,static_calibration_phasegate4to3_r02_a01,False,calibration,valid,3.4934102141680397,4.0,10560,17504,0.3680626544355702,0.0,9.026328169975386,1367.8538562497806,16,0.5065897858319605,10608,17504,0,2048,3.0065040650406503,3.0,1.0,0.0065040650406504065,1.0,1.0,1.0,1975.4184120886955,0,10.86771491699983,16,2162475008,2136489984,True,,7712702464,7646248960,Mac mini,False,0.3680626544355702,4,85,91,6.0,1.5B,1.4650447674973615,1.0086397844308732,128,13.12368754970521,1363.3144995001203,13.223974855136474,1379.6718187007173,313,0,0,0,1558.1904792785645,2162540544,48.111707999851205,16.278166999654786,True,3.993299832495812,4.0,1.0,1345.9219165006289,1362.3694874504508,3275.3039734708814,22280801,22285801,1.0,True,2162475008,5560.663083000691,7039.252554499397,2824.674278538665,2468.1882559880787,0.873795706195543,-32.91057640846926,1214,0.33799999800976366,-0.001601273711951512,-0.001601273711951512,-0.001633982529590794,-0.001633982529590794,0,0,0,128,28928,512,2661.829116878044,False,0.9871705056277926,-0.011502644505843944,True,0.9859492332653923,-2.193424588107052,9
1,1,,fixed1,fixed,1,2,4d7af6f5d19f46da8d0b6ada0359c178,static_calibration_fixed1_r02_a01,False,calibration,valid,1.0,1.0,3616,5648,0.39729811950983235,0.0,9.026328169975386,1367.8538562497806,16,1.0,3616,5648,0,2048,1.0,1.0,1.0,0.0,0.0,0.0,1.0,776.0345116540843,0,10.068006374998731,16,2142928896,2136064000,True,1,7713652736,7744323584,Mac mini,False,0.39729811950983235,4,85,91,6.0,1.5B,1.2408760399940626,0.9995690622593458,128,10.795081250216752,1354.5038545007628,11.200554355245911,1367.2643963994233,335,0,0,0,1558.1904792785645,2143010816,5.3030420003779,2.7759790000345674,True,1.0,1.0,1.0,1340.8979585001362,1353.833852700518,1060.9169526074,22280801,22285801,1.0,True,2142928896,4267.349708499751,4428.205133050324,970.7953277334663,893.6892284081175,0.9205742991106377,-7.671128138015303,1281,0.08012500256882049,-0.0014087899032061424,-0.0014087899032061424,-0.0015679756706251657,-0.0015679756706251657,0,0,0,128,9504,512,943.9803319553617,False,1.0132659576039484,0.030667664403751255,True,0.9895177452327119,-1.6888693432714148,1
1,0,,phasegate3to0,phasegate,3,2,564f2d3b02894dd8be5c0de6e775baa4,static_calibration_phasegate3to0_r02_a01,False,calibration,valid,1.5584307178631052,3.0,0,14240,0.3946858591306804,0.0,9.026328169975386,1367.8538562497806,16,0.998330550918197,160,14288,0,2048,0.030821917808219176,0.0,1.0,0.015410958904109588,3.0,2.0,0.015410958904109588,34.27735214202993,0,10.134642291999626,16,2159951872,2140307456,True,,7705067520,7774453760,Mac mini,False,0.3946858591306804,4,85,91,6.0,1.5B,1.2373679784687481,1.0094184926201595,128,10.918560300069657,1361.7222499997297,11.168889440677958,1380.736977700326,308,0,0,0,1558.1904792785645,2160017408,20.83712499916146,19.51074950011389,True,3.008169934640523,3.0,1.0,1345.8233749997817,1363.7191249999887,2671.3351683881046,22280801,22285801,1.0,True,2159951872,6959.396207999816,7022.951433300477,1798.3885190190706,1101.3157258675178,0.6123903229032119,-69.0160914959777,1198,0.3212080009689089,-0.0019431732603423235,-0.0019431732603423235,-0.00165724664122735,-0.00165724664122735,0,0,0,128,15056,512,1485.597573767881,False,1.0137615322455624,0.010087019041912962,True,0.9833099546092336,-2.6993598824420624,13
