run_key,repeat,policy,active_worker_time_s,actual_demand_on_fraction,actual_hnsw_active_fraction,block_duration_s,block_end,block_start,cap_binding_fraction_during_scheduled_on,completed_queries_per_llm_request,completed_retrieval_queries,decode_active_worker_time_s,demand_level,demand_off_transition_count,demand_on_transition_count,demand_sequence_strict,demand_transition_count,max_on_off_to_zero_active_s,mean_off_duration_s,mean_on_duration_s,mean_on_off_to_zero_active_s,new_chunk_starts_during_off,off_active_excluding_bounded_drain_s,off_active_time_s,p95_off_duration_s,p95_on_duration_s,p95_on_off_to_zero_active_s,prefill_active_worker_time_s,retrieval_qps_full_wall_time,retrieval_qps_scheduled_on_time,scheduled_on_fraction,scheduled_on_time_s,trace_offset_s,trace_seed
static_primary_event_fixed1_r00_a01_d005_s4330000000,0,fixed1,50.34836319809256,0.050615431537253806,0.05075282713448729,992.030711208994,90802.047233375,89810.016522166,0.991909379356753,132.05333333333334,39616,23.537612698113662,0.05,24,24,True,48,0.023737916999380104,39.24244369428925,2.092169272752168,0.013020994582499648,0,0.0,0.3125038699799916,75.18156531869971,4.384449818745632,0.022174643748439846,26.741728877968853,39.93424755138854,788.5124982677114,0.050645040679913586,50.24143572490311,3789.25,4330000000
static_primary_event_phasegate4to1_r00_a01_d005_s4330000000,0,phasegate4to1,117.6402918503154,0.05076976972120771,0.05109600953444631,990.429279709002,89787.9488845,88797.519604791,0.9891494289939932,241.6,72480,28.849685908207903,0.05,24,24,True,48,0.0235862499976065,39.17272555220976,2.0951611023319856,0.01704975187688736,0,0.0,0.40919404504529666,75.18123726690537,4.390540666951709,0.02339243925525807,88.41241402120795,73.18038903423306,1442.6339326141892,0.05072692897332816,50.24143572490311,3789.25,4330000000
static_primary_event_timegate4to1_r00_a01_d005_s4330000000,0,timegate4to1,132.50232234194118,0.050515236804135936,0.050828696440437665,995.3055787089979,91819.41511275,90824.109534041,0.9898977314848033,257.12,77136,65.77655222572503,0.05,24,24,True,48,0.02858841601118911,39.37614507116814,2.0949207083734414,0.01646563179201621,0,0.0,0.39517516300838906,75.17118078125422,4.3844782125008335,0.025272321342345094,66.43954348530679,77.49981678998768,1535.30644351722,0.05047840261286472,50.24143572490311,3789.25,4330000000
static_primary_event_fixed1_r01_a01_d005_s4330000001,1,fixed1,50.189784309623064,0.05047055667526727,0.050638176692447,991.1451712499984,99404.231768833,98413.086597583,0.9915939283655044,130.82666666666665,39248,24.38342712780286,0.05,29,28,True,57,0.02278554100485053,32.452466300379584,1.7865588763925189,0.011758883655320147,0,0.0,0.34100762600428425,74.82800275860353,4.374975776747303,0.021763500201632268,25.724222887831274,39.5986391685708,784.3488415964193,0.05048600452825808,50.03895960388854,4258.0,4330000001
static_primary_event_phasegate4to1_r01_a01_d005_s4330000001,1,phasegate4to1,128.52452890125278,0.05053292462877281,0.050898387825385805,991.914437333995,97374.001729625,96382.087292291,0.9887039070873749,262.18666666666667,78656,25.13004347299284,0.05,29,28,True,57,0.023976625001523644,32.475520683931194,1.7901549107139414,0.015079425276530072,0,0.0,0.4373033330193721,74.8239067081944,4.374404643292653,0.022135558797162957,102.8940043442417,79.2971621739942,1571.895191719526,0.05044685077714979,50.03895960388854,4258.0,4330000001
static_primary_event_timegate4to1_r01_a01_d005_s4330000001,1,timegate4to1,126.47406986769056,0.050353956856556206,0.05077571480616326,994.614276584005,98390.865053,97396.250776416,0.989442496387097,243.78666666666666,73136,70.03059123572893,0.05,29,28,True,57,0.027861499998834915,32.57005214524066,1.7886701561437803,0.017624607828550104,0,0.0,0.511113627027953,74.83265968339691,4.37969383335221,0.027729791606543586,56.20396992182941,73.53202313884437,1461.5811475488108,0.05030991489057141,50.03895960388854,4258.0,4330000001
static_primary_event_fixed1_r02_a01_d005_s4330000002,2,fixed1,50.346415858060936,0.050605071229628554,0.05072556661241101,992.5254505829944,117531.501086416,116538.975635833,0.9922567141034112,132.96,39888,22.096011229979922,0.05,25,25,True,50,0.02333704099874012,37.69194517836091,2.009072844958864,0.01191508996009361,0,0.0,0.29787724900234025,77.44530141639697,3.904403492188429,0.021845800400478753,28.172219419080648,40.188390107851035,793.955716441043,0.050617923992030744,50.239577817766076,5170.75,4330000002
static_primary_event_phasegate4to1_r02_a01_d005_s4330000002,2,phasegate4to1,133.43849542764656,0.050692290132373016,0.05101679589534313,992.6003070409934,118546.161271291,117553.56096425,0.9885934808158019,271.0933333333333,81328,23.360632982876268,0.05,25,25,True,50,0.022799458005465567,37.69132497163955,2.012687310000183,0.015319991640280932,0,0.0,0.3829997910070233,77.42995244220364,3.9033110840013236,0.022037282999372108,109.54067049879814,81.93428857829402,1618.8034122221509,0.050614106666492534,50.239577817766076,5170.75,4330000002
static_primary_event_timegate4to1_r02_a01_d005_s4330000002,2,timegate4to1,124.00931503980246,0.05121282479162789,0.05156231500434521,982.0683058330033,116516.854824666,115534.786518833,0.9899605349696469,241.6,72480,67.35485466281534,0.05,25,25,True,50,0.030452291000983678,37.27095255011867,2.0117796832014574,0.017707414997857995,0,0.0,0.4426853749464499,77.43632907500724,3.903296558203873,0.02785083339549601,56.586777835022076,73.80342036241717,1442.6872825824007,0.051156907843749426,50.239577817766076,5170.75,4330000002
static_primary_event_fixed1_r03_a01_d005_s4330000003,3,fixed1,50.42960915512231,0.050657838993594516,0.05084376737507002,991.8542971669958,124421.262941583,123429.408644416,0.9919789812900834,131.94666666666666,39584,24.206604570688796,0.05,28,28,True,56,0.023138916993048042,33.62889649557162,1.7944712603925186,0.012765751535750627,0,0.0,0.35744104300101753,65.34360057290323,3.653898300100991,0.022396418753487524,26.14525058446452,39.90908756766252,787.913349683605,0.05065161998294412,50.2390269385528,3452.75,4330000003
static_primary_event_phasegate4to1_r03_a01_d005_s4330000003,3,phasegate4to1,131.39135746077227,0.05054361730667605,0.0508790798438065,994.9646565839939,125438.243616375,124443.278959791,0.987867220747524,267.94666666666666,80384,24.560879788114107,0.05,28,28,True,56,0.022733582998625934,33.73841227671229,1.796039744144634,0.014665303499246616,0,0.0,0.4106284979789052,65.34672302104809,3.651160231047106,0.022202372793253742,106.45898463569756,80.79080947054129,1600.0309898182827,0.05049327793314603,50.2390269385528,3452.75,4330000003
static_primary_event_timegate4to1_r03_a01_d005_s4330000003,3,timegate4to1,122.60955412690237,0.05061354552095389,0.05098004988911006,993.0030107080092,123407.120808791,122414.117798083,0.9889331458742752,238.02666666666667,71408,68.51970315774088,0.05,28,28,True,56,0.028526249996502884,33.669414557967684,1.7949786816040745,0.016521808001665965,0,0.0,0.462610624046647,65.34694115011007,3.65390523124297,0.02648863344438723,53.96080859216454,71.91116162788492,1421.3651089886537,0.050593025798313006,50.2390269385528,3452.75,4330000003
static_primary_event_fixed1_r04_a01_d005_s4330000004,4,fixed1,50.3376105055213,0.05062566539786123,0.05071659513358039,992.5274039579963,130605.051885458,129612.5244815,0.9931982183669239,131.68,39504,23.94060217331571,0.05,22,22,True,44,0.022253541988902725,42.8309110775914,2.283970920499335,0.012048878818115389,0,0.0,0.26507533399853855,102.23712042230981,4.545493312152393,0.019849163950129877,26.314883914237726,39.80141993305789,786.3111993283843,0.05061789780821343,50.239650705397224,7088.5,4330000004
static_primary_event_phasegate4to1_r04_a01_d005_s4330000004,4,phasegate4to1,124.62181938327558,0.050731593275551955,0.05095660998796149,990.8486959590082,129590.4328355,128599.584139541,0.9892799490668136,254.61333333333334,76384,26.202257137090783,0.05,22,22,True,44,0.023081291001290083,42.75369831445476,2.2848787745910655,0.01450159849958833,0,0.0,0.31903516699094325,102.2419241145988,4.551735715204267,0.021705408301932037,97.92458994917979,77.0894691707401,1520.3927361659403,0.05070365527076968,50.239650705397224,7088.5,4330000004
static_primary_event_timegate4to1_r04_a01_d005_s4330000004,4,timegate4to1,130.04317997097678,0.050471604901641265,0.05068553827476743,996.0463580829964,131623.215553666,130627.169195583,0.9901889408324526,250.08,75024,70.30695236212341,0.05,22,22,True,44,0.02640883300045971,42.98974090155058,2.285093556767441,0.013885910908522254,0,0.0,0.3054900399874896,102.24175954104939,4.545985385379754,0.025678666696330767,59.48615131403494,75.3217954075874,1493.3224842652062,0.050439068721750156,50.239650705397224,7088.5,4330000004
static_primary_event_fixed1_r00_a01_d025_s4330010000,0,fixed1,253.1318280393025,0.250068894647828,0.25055593391223685,1010.2807149160071,86674.903832166,85664.62311725,0.9918157164474989,663.52,199056,118.6877793737367,0.25,131,132,True,263,0.02344591599830892,5.783518574449952,1.913937739871692,0.010345023564633536,0,0.0,1.3551980869669933,12.582283437499427,4.235571828499086,0.018449667004460935,134.05290283451905,197.03038676388982,787.4099252868851,0.25022593751546085,252.79843904364793,6365.25,4330010000
static_primary_event_phasegate4to1_r00_a01_d025_s4330010000,0,phasegate4to1,658.9427886255871,0.25160866411587535,0.2532170481490777,1017.9295656250033,88773.701341416,87755.771775791,0.9886006810369207,1343.7866666666666,403136,127.04091439511103,0.25,132,132,True,264,0.02511904199491255,5.771285359500325,1.9403022588709118,0.015356733272986303,0,0.0,2.027088792034192,12.518914685904733,4.373459026905764,0.022678808298223885,529.9209779723751,396.03525981925543,1574.803718853822,0.2514822990813731,255.99126746627928,6365.25,4330010000
static_primary_event_timegate4to1_r00_a01_d025_s4330010000,0,timegate4to1,658.7432233481377,0.24904396884457825,0.2507834840999871,1033.872351583006,87731.919896458,86698.047544875,0.9895194694545669,1267.52,380256,368.7160474353004,0.25,133,133,True,266,0.031040540998219512,5.837538931324038,1.935937396367737,0.016841353338274797,0,0.0,2.239899993990548,13.334017291804773,4.368487025200737,0.02755092520674225,289.08965307286417,367.79782283351886,1478.1987121703637,0.2488148716443543,257.2428164557724,6365.25,4330010000
static_primary_event_fixed1_r01_a01_d025_s4330010001,1,fixed1,253.37471146756434,0.24963273260014196,0.25013669177368464,1012.9450008749991,92854.41610925,91841.471108375,0.9921677494683682,661.8666666666667,198560,121.7423217533069,0.25,131,130,True,261,0.023384749991237186,5.802143300251297,1.9451094503236863,0.010486464068681919,0,0.0,1.3737267929973314,13.043451395999,3.956144989542371,0.019219396002881695,131.22012300626375,196.02248871210233,785.154217425189,0.2496611294465596,252.89299298569858,1978.5,4330010001
static_primary_event_phasegate4to1_r01_a01_d025_s4330010001,1,phasegate4to1,642.0402808381477,0.24929930861230384,0.2509363021968135,1017.0354398749914,94953.058374041,93936.022934166,0.9884644609198013,1309.8666666666666,392960,128.8538610333635,0.25,131,131,True,262,0.029255790999741293,5.828161892213326,1.935467419809509,0.01556873409933311,0,0.0,2.0395041670126375,13.037443958492076,3.9283175419986947,0.023251583996170666,511.151062317731,386.3778828083912,1551.0327053067485,0.24911008097148862,253.35378077813266,1978.5,4330010001
static_primary_event_timegate4to1_r01_a01_d025_s4330010001,1,timegate4to1,671.2785211837472,0.24756882433610955,0.24918527728306258,1034.4706319170073,93912.13567225,92877.665040333,0.9891899477184873,1298.4,389520,342.5666652085638,0.25,132,131,True,263,0.029058833009912632,5.896726922447587,1.9549822759841664,0.01574432453840431,0,0.0,2.0782508390693692,13.140697490089948,3.9291110205012956,0.026722564403462455,327.6848946790269,376.5404139875574,1521.8992946243957,0.2474148028831878,255.94334748419305,1978.5,4330010001
static_primary_event_fixed1_r02_a02_d025_s4330010002,2,fixed1,253.92430209412123,0.2498411074690206,0.2502412470922446,1014.7180172920052,109707.195967,108692.477949708,0.9924065498121784,668.3733333333333,200512,115.72731707300409,0.25,122,121,True,243,0.0230370839999523,6.2393421646147695,2.095192340570276,0.010371228451120141,0,0.0,1.2652898710366571,14.216631639600374,4.493122208004934,0.018767463961557942,137.7058833140327,197.60366582935987,790.4183960048216,0.24999881939508206,253.67830634191978,4392.25,4330010002
static_primary_event_phasegate4to1_r02_a01_d025_s4330010002,2,phasegate4to1,674.6948654176667,0.2502323044761159,0.2515891371514534,1014.0394825409894,111803.422934166,110789.383451625,0.988174243825581,1370.8266666666666,411248,117.69846342279925,0.25,122,121,True,243,0.029911000005085953,6.2319184097949964,2.0970697235206597,0.014126108254503543,0,0.0,1.7233852070494322,14.215405774346427,4.493201499994029,0.022740533651085568,554.79612344013,405.5542284896945,1621.13980470092,0.2501661036967223,253.67830634191978,4392.25,4330010002
static_primary_event_timegate4to1_r02_a01_d025_s4330010002,2,timegate4to1,630.8619466373493,0.24831450133085897,0.24965051451498854,1035.3061995419994,110765.607047708,109730.300848166,0.9900256874772821,1221.28,366384,364.7314452935534,0.25,123,122,True,245,0.03130154201062396,6.327029730715293,2.107225759541134,0.014915262601183107,0,0.0,1.834577299945522,14.174377933602948,4.491792470846121,0.02900107140012551,265.12935351183114,353.8895064687931,1425.578697020916,0.2482427011629235,257.0072075050266,4392.25,4330010002
static_primary_event_fixed1_r03_a01_d025_s4330010003,3,fixed1,253.99110632538213,0.24991039263766046,0.2505033032219774,1013.9231820840068,126474.3992765,125460.476094416,0.9925373993189794,663.9466666666667,199184,122.23901099809154,0.25,121,121,True,242,0.02367308401153423,6.28539869045427,2.094131739992068,0.012048267570087564,0,0.0,1.4578403759805951,15.669916790997377,5.048137042002054,0.02077908400679007,131.32594777733902,196.44880748322504,785.8752909447804,0.24997453126062028,253.45497217572614,6814.75,4330010003
static_primary_event_phasegate4to1_r03_a01_d025_s4330010003,3,phasegate4to1,654.2213808873057,0.24971180459014913,0.2510972548351326,1016.7062557919999,128575.742944583,127559.036688791,0.9883924616315442,1333.76,400128,124.99622713496501,0.25,122,121,True,243,0.024934291999670677,6.252645097705622,2.098211189024083,0.014496313524551758,0,0.0,1.7685502499953145,15.599221541954451,5.054240750003373,0.022226962201239073,527.2248642201885,393.5531995800556,1577.0560476790529,0.24954927896142076,253.71831304845938,6814.75,4330010003
static_primary_event_timegate4to1_r03_a01_d025_s4330010003,3,timegate4to1,678.6194856473303,0.253992350580994,0.2554508755179266,1037.5373036669916,127535.0791105,126497.541806833,0.9898495846247749,1308.16,392448,368.207131816991,0.25,124,123,True,247,0.031037916007335298,6.242022299138274,2.1424921835272013,0.01580502027472023,0,0.0,1.9598225140653085,15.462544431257985,5.184977241094747,0.028274822354433127,309.440676873317,378.24953243894186,1490.1304867813733,0.25383651686500747,263.3648552803407,6814.75,4330010003
static_primary_event_fixed1_r04_a01_d025_s4330010004,4,fixed1,254.9913581922592,0.2506079171100904,0.2510348953611192,1015.7606089999899,134769.513705875,133753.753096875,0.992405892617415,662.7733333333333,198832,125.54416870468413,0.25,127,127,True,254,0.023265416006324813,5.99372408264587,2.0043909488501135,0.010168736874571392,0,0.0,1.2914295830705669,13.802659345424031,4.454761304278508,0.020584167010383674,128.96951815360808,195.74690949646973,780.7151804733459,0.25072768455429395,254.67930555602697,3372.5,4330010004
static_primary_event_phasegate4to1_r04_a01_d025_s4330010004,4,phasegate4to1,656.1125236348889,0.2516137701471887,0.2531279568922244,1019.5314846250112,132664.855683541,131645.324198916,0.9886534398105942,1336.16,400848,128.12368113943376,0.25,128,129,True,257,0.02929370797937736,5.9609634687089965,1.9885903924826331,0.014921321592737513,0,0.0,1.9099291638704017,13.777367010852318,4.448852466791868,0.022749914697487838,525.8049556603946,393.1688290601775,1563.470018323847,0.251471933872888,256.3835540829482,3372.5,4330010004
static_primary_event_timegate4to1_r04_a01_d025_s4330010004,4,timegate4to1,683.3387121222622,0.2534906106257798,0.25512234333480877,1040.7903045419953,133729.547301333,132688.756996791,0.9896936826509444,1307.4666666666667,392240,399.6208669047628,0.25,132,132,True,264,0.03139495800132863,5.8860585962898,1.9987164381192557,0.016119603509044584,0,0.0,2.1277876631938852,13.699462385594956,4.439564447548763,0.027039800000784448,282.536362808547,376.867461474487,1487.999635657474,0.2532712054784662,263.60221508165114,3372.5,4330010004
static_primary_event_fixed1_r00_a01_d100_s4330020000,0,fixed1,1054.6091885490314,1.0,0.9966857471352168,1058.116052707992,85641.889402833,84583.773350125,0.9966857471352168,2754.9333333333334,826480,519.0392946079664,1.0,0,1,True,1,0.0,0.0,1058.116052707992,0.0,0,0.0,0,0.0,1058.116052707992,0.0,533.823456140075,781.0863448152256,781.0863448152256,1.0,1058.116052707992,0.0,4330020000
static_primary_event_phasegate4to1_r00_a01_d100_s4330020000,0,phasegate4to1,2725.0143550879,1.0,0.9986247324833296,1073.3550629160018,83036.691002666,81963.33593975,0.9924315246580597,5568.48,1670544,533.5819746369234,1.0,0,1,True,1,0.0,0.0,1073.3550629160018,0.0,0,0.0,0,0.0,1073.3550629160018,0.0,2182.15687201549,1556.3759446586155,1556.3759446586155,1.0,1073.3550629160018,0.0,4330020000
static_primary_event_timegate4to1_r00_a01_d100_s4330020000,0,timegate4to1,2774.6047219506436,1.0,0.9985422929747377,1090.618625874995,84427.924674458,83337.306048583,0.9931319371442258,5592.48,1677744,774.959918755645,1.0,0,1,True,1,0.0,0.0,1090.618625874995,0.0,0,0.0,0,0.0,1090.618625874995,0.0,1997.1403265820554,1538.3415982410525,1538.3415982410525,1.0,1090.618625874995,0.0,4330020000
static_primary_event_fixed1_r01_a01_d100_s4330020001,1,fixed1,1057.798222582307,1.0,0.9966783657015863,1061.3235512919928,104513.702728333,103452.379177041,0.9966783657015863,2764.1066666666666,829232,521.3665095006581,1.0,0,1,True,1,0.0,0.0,1061.3235512919928,0.0,0,0.0,0,0.0,1061.3235512919928,0.0,534.6780730805622,781.318759006659,781.318759006659,1.0,1061.3235512919928,0.0,4330020001
static_primary_event_phasegate4to1_r01_a01_d100_s4330020001,1,phasegate4to1,2724.2314750492806,1.0,0.998583467570239,1073.1830106249981,103150.655366166,102077.472355541,0.9924937947126089,5552.8,1665840,531.9388753893581,1.0,0,1,True,1,0.0,0.0,1073.1830106249981,0.0,0,0.0,0,0.0,1073.1830106249981,0.0,2182.7040832271596,1552.2422396808645,1552.2422396808645,1.0,1073.1830106249981,0.0,4330020001
static_primary_event_timegate4to1_r01_a02_d100_s4330020001,1,timegate4to1,2779.6660896232497,1.0,0.9985506657060206,1091.821322792006,101914.58147025,100822.760147458,0.9931536644892972,5595.2,1678560,786.9965119587723,1.0,0,1,True,1,0.0,0.0,1091.821322792006,0.0,0,0.0,0,0.0,1091.821322792006,0.0,1989.8590742814995,1537.3944114844594,1537.3944114844594,1.0,1091.821322792006,0.0,4330020001
static_primary_event_fixed1_r02_a01_d100_s4330020002,2,fixed1,1060.3519190069346,1.0,0.9966956611170416,1063.867297082994,112891.064246333,111827.19694925,0.9966956611170416,2767.4133333333334,830224,522.0666416050808,1.0,0,1,True,1,0.0,0.0,1063.867297082994,0.0,0,0.0,0,0.0,1063.867297082994,0.0,536.4750582788693,780.383044272892,780.383044272892,1.0,1063.867297082994,0.0,4330020002
static_primary_event_phasegate4to1_r02_a01_d100_s4330020002,2,phasegate4to1,2720.48976120913,1.0,0.99862359398726,1072.312957416987,113986.20414475,112913.891187333,0.9922550533049096,5545.493333333333,1663648,532.8949947362271,1.0,0,1,True,1,0.0,0.0,1072.312957416987,0.0,0,0.0,0,0.0,1072.312957416987,0.0,2178.4542459446966,1551.457518528392,1551.457518528392,1.0,1072.312957416987,0.0,4330020002
static_primary_event_timegate4to1_r02_a01_d100_s4330020002,2,timegate4to1,2779.798643229544,1.0,0.9985642250349815,1091.9034945830062,115378.850884083,114286.9473895,0.993264064240484,5603.52,1681056,773.1732764950721,1.0,0,1,True,1,0.0,0.0,1091.9034945830062,0.0,0,0.0,0,0.0,1091.9034945830062,0.0,2003.859000560362,1539.5646303357503,1539.5646303357503,1.0,1091.9034945830062,0.0,4330020002
static_primary_event_fixed1_r03_a01_d100_s4330020003,3,fixed1,1058.3001247193752,1.0,0.9966973900017702,1061.8068586669979,122391.405090958,121329.598232291,0.9966973900017702,2762.346666666667,828704,521.5770751409873,1.0,0,1,True,1,0.0,0.0,1061.8068586669979,0.0,0,0.0,0,0.0,1061.8068586669979,0.0,534.8661885814217,780.4658570772115,780.4658570772115,1.0,1061.8068586669979,0.0,4330020003
static_primary_event_phasegate4to1_r03_a01_d100_s4330020003,3,phasegate4to1,2728.188964825298,1.0,0.998596981400841,1074.9685512909928,119643.349233666,118568.380682375,0.9922132015882718,5571.573333333334,1671472,534.0071858081646,1.0,0,1,True,1,0.0,0.0,1074.9685512909928,0.0,0,0.0,0,0.0,1074.9685512909928,0.0,2184.9651100471237,1554.903162508923,1554.903162508923,1.0,1074.9685512909928,0.0,4330020003
static_primary_event_timegate4to1_r03_a01_d100_s4330020003,3,timegate4to1,2774.1128313666995,1.0,0.9985540532027424,1090.1931885000085,121034.141227208,119943.948038708,0.9932721624273433,5594.026666666667,1678208,752.0483801652445,1.0,0,1,True,1,0.0,0.0,1090.1931885000085,0.0,0,0.0,0,0.0,1090.1931885000085,0.0,2019.4376280388242,1539.3675338487833,1539.3675338487833,1.0,1090.1931885000085,0.0,4330020003
static_primary_event_fixed1_r04_a01_d100_s4330020004,4,fixed1,1058.809224051307,1.0,0.9967626557848667,1062.2480867499835,140008.916457208,138946.668370458,0.9967626557848667,2760.8533333333335,828256,521.6834487620217,1.0,0,1,True,1,0.0,0.0,1062.2480867499835,0.0,0,0.0,0,0.0,1062.2480867499835,0.0,535.1434729642933,779.7199263818894,779.7199263818894,1.0,1062.2480867499835,0.0,4330020004
static_primary_event_phasegate4to1_r04_a01_d100_s4330020004,4,phasegate4to1,2726.7630660502764,1.0,0.9985854065961193,1075.0369757080043,138651.029121291,137575.992145583,0.9921609067010774,5564.746666666667,1669424,534.0978573964385,1.0,0,1,True,1,0.0,0.0,1075.0369757080043,0.0,0,0.0,0,0.0,1075.0369757080043,0.0,2182.5661506180186,1552.8991446089942,1552.8991446089942,1.0,1075.0369757080043,0.0,4330020004
static_primary_event_timegate4to1_r04_a02_d100_s4330020004,4,timegate4to1,2773.4958613341732,1.0,0.9985799331069217,1089.7611829579982,137280.700398458,136190.9392155,0.9931754414852749,5595.466666666666,1678640,741.8956381294993,1.0,0,1,True,1,0.0,0.0,1089.7611829579982,0.0,0,0.0,0,0.0,1089.7611829579982,0.0,2028.216469404113,1540.374190465819,1540.374190465819,1.0,1089.7611829579982,0.0,4330020004
