demand_duty_pct,repeat,fixed_qps,phasegate_qps,timegate_qps,phasegate_fixed_ratio,phasegate_timegate_ratio,phasegate_minus_fixed_qps,fixed_joint_slo_pass,phasegate_joint_slo_pass,timegate_joint_slo_pass,phasegate_minus_fixed_slo_pass,pageout_clean_pair,phasegate_fixed_median_ratio,phasegate_fixed_ci_low,phasegate_fixed_ci_high,phasegate_timegate_median_ratio,phasegate_timegate_ci_low,phasegate_timegate_ci_high,phasegate_fixed_pair_min,phasegate_fixed_pair_max,phasegate_timegate_pair_min,phasegate_timegate_pair_max,phasegate_minus_fixed_qps_min,phasegate_minus_fixed_qps_max,pageout_clean_pair_count,pageout_clean_phasegate_fixed_ratio_median
5,0,39.93424755138854,73.18038903423306,77.49981678998768,1.8325220461475438,0.9442653165560432,33.24614148284452,True,True,False,0,True,2.002522405793477,1.8325220461475438,2.0387551817430896,1.0784031064161528,0.9442653165560432,1.1234808010556891,1.8325220461475438,2.0387551817430896,0.9442653165560432,1.1234808010556891,33.24614148284452,41.74589847044298,3,1.9368522354327327
5,1,39.5986391685708,79.2971621739942,73.53202313884437,2.002522405793477,1.0784031064161528,39.6985230054234,True,True,False,0,False,2.002522405793477,1.8325220461475438,2.0387551817430896,1.0784031064161528,0.9442653165560432,1.1234808010556891,1.8325220461475438,2.0387551817430896,0.9442653165560432,1.1234808010556891,33.24614148284452,41.74589847044298,3,1.9368522354327327
5,2,40.188390107851035,81.93428857829402,73.80342036241717,2.0387551817430896,1.110169260123035,41.74589847044298,True,True,False,0,False,2.002522405793477,1.8325220461475438,2.0387551817430896,1.0784031064161528,0.9442653165560432,1.1234808010556891,1.8325220461475438,2.0387551817430896,0.9442653165560432,1.1234808010556891,33.24614148284452,41.74589847044298,3,1.9368522354327327
5,3,39.90908756766252,80.79080947054129,71.91116162788492,2.024371249619958,1.1234808010556891,40.88172190287877,True,True,False,0,True,2.002522405793477,1.8325220461475438,2.0387551817430896,1.0784031064161528,0.9442653165560432,1.1234808010556891,1.8325220461475438,2.0387551817430896,0.9442653165560432,1.1234808010556891,33.24614148284452,41.74589847044298,3,1.9368522354327327
5,4,39.80141993305789,77.0894691707401,75.3217954075874,1.9368522354327327,1.0234682903346544,37.28804923768221,True,True,False,0,True,2.002522405793477,1.8325220461475438,2.0387551817430896,1.0784031064161528,0.9442653165560432,1.1234808010556891,1.8325220461475438,2.0387551817430896,0.9442653165560432,1.1234808010556891,33.24614148284452,41.74589847044298,3,1.9368522354327327
25,0,197.03038676388982,396.03525981925543,367.79782283351886,2.010021227303593,1.076774345123076,199.0048730553656,True,True,False,0,False,2.0085570192221516,1.9710895690946117,2.052361866808229,1.0432549085609877,1.0261259308573418,1.1459911104356446,1.9710895690946117,2.052361866808229,1.0261259308573418,1.1459911104356446,190.35539409628885,207.9505626603346,2,2.027849522340857
25,1,196.02248871210233,386.3778828083912,376.5404139875574,1.9710895690946117,1.0261259308573418,190.35539409628885,True,True,False,0,False,2.0085570192221516,1.9710895690946117,2.052361866808229,1.0432549085609877,1.0261259308573418,1.1459911104356446,1.9710895690946117,2.052361866808229,1.0261259308573418,1.1459911104356446,190.35539409628885,207.9505626603346,2,2.027849522340857
25,2,197.60366582935987,405.5542284896945,353.8895064687931,2.052361866808229,1.1459911104356446,207.9505626603346,True,True,False,0,True,2.0085570192221516,1.9710895690946117,2.052361866808229,1.0432549085609877,1.0261259308573418,1.1459911104356446,1.9710895690946117,2.052361866808229,1.0261259308573418,1.1459911104356446,190.35539409628885,207.9505626603346,2,2.027849522340857
25,3,196.44880748322504,393.5531995800556,378.24953243894186,2.003337177873485,1.0404591832339782,197.10439209683057,True,True,False,0,True,2.0085570192221516,1.9710895690946117,2.052361866808229,1.0432549085609877,1.0261259308573418,1.1459911104356446,1.9710895690946117,2.052361866808229,1.0261259308573418,1.1459911104356446,190.35539409628885,207.9505626603346,2,2.027849522340857
25,4,195.74690949646973,393.1688290601775,376.867461474487,2.0085570192221516,1.0432549085609877,197.42191956370775,True,True,False,0,False,2.0085570192221516,1.9710895690946117,2.052361866808229,1.0432549085609877,1.0261259308573418,1.1459911104356446,1.9710895690946117,2.052361866808229,1.0261259308573418,1.1459911104356446,190.35539409628885,207.9505626603346,2,2.027849522340857
100,0,781.0863448152256,1556.3759446586155,1538.3415982410525,1.9925786118137718,1.0117232391285418,775.2895998433899,True,True,False,0,False,1.9916114646638117,1.9866952147089496,1.9925786118137718,1.00965778728314,1.0077248385409114,1.0117232391285418,1.9866952147089496,1.9925786118137718,1.0077248385409114,1.0117232391285418,770.9234806742055,775.2895998433899,1,1.9922757009921275
100,1,781.318759006659,1552.2422396808645,1537.3944114844594,1.9866952147089496,1.00965778728314,770.9234806742055,True,True,False,0,False,1.9916114646638117,1.9866952147089496,1.9925786118137718,1.00965778728314,1.0077248385409114,1.0117232391285418,1.9866952147089496,1.9925786118137718,1.0077248385409114,1.0117232391285418,770.9234806742055,775.2895998433899,1,1.9922757009921275
100,2,780.383044272892,1551.457518528392,1539.5646303357503,1.988071793607375,1.0077248385409114,771.0744742555,True,True,False,0,False,1.9916114646638117,1.9866952147089496,1.9925786118137718,1.00965778728314,1.0077248385409114,1.0117232391285418,1.9866952147089496,1.9925786118137718,1.0077248385409114,1.0117232391285418,770.9234806742055,775.2895998433899,1,1.9922757009921275
100,3,780.4658570772115,1554.903162508923,1539.3675338487833,1.9922757009921275,1.0100922153537284,774.4373054317116,True,True,False,0,True,1.9916114646638117,1.9866952147089496,1.9925786118137718,1.00965778728314,1.0077248385409114,1.0117232391285418,1.9866952147089496,1.9925786118137718,1.0077248385409114,1.0117232391285418,770.9234806742055,775.2895998433899,1,1.9922757009921275
100,4,779.7199263818894,1552.8991446089942,1540.374190465819,1.9916114646638117,1.008131111401826,773.1792182271048,True,True,False,0,False,1.9916114646638117,1.9866952147089496,1.9925786118137718,1.00965778728314,1.0077248385409114,1.0117232391285418,1.9866952147089496,1.9925786118137718,1.0077248385409114,1.0117232391285418,770.9234806742055,775.2895998433899,1,1.9922757009921275
