demand_duty_pct,repeat,policy,run_key,status,duration_s,retrieval_qps_full_wall_time,retrieval_qps_scheduled_on_time,completed_queries_per_llm_request,normalized_p95_tpot,normalized_p95_ttft,joint_slo_pass,scheduled_on_fraction,actual_hnsw_active_fraction,prefill_active_worker_time_s,decode_active_worker_time_s,cap_binding_fraction_during_scheduled_on,mean_on_off_to_zero_active_s,p95_on_off_to_zero_active_s,pageouts_delta,swap_used_delta_bytes,memory_pressure_clean,power_clean,pageout_soft_flag,thermal_proxy_clean,observer_subprocess_count
5,0,fixed1,static_primary_event_fixed1_r00_a01_d005_s4330000000,valid,992.030711208994,39.93424755138854,788.5124982677114,132.05333333333334,1.1312469782011598,1.0028524562432606,True,0.050645040679913586,0.05075282713448729,26.741728877968853,23.537612698113662,0.991909379356753,0.013020994582499648,0.022174643748439846,0,0,True,True,False,True,0
5,0,phasegate4to1,static_primary_event_phasegate4to1_r00_a01_d005_s4330000000,valid,990.429279709002,73.18038903423306,1442.6339326141892,241.6,1.1303334628443564,1.0045500226092954,True,0.05072692897332816,0.05109600953444631,88.41241402120795,28.849685908207903,0.9891494289939932,0.01704975187688736,0.02339243925525807,0,0,True,True,False,True,0
5,0,timegate4to1,static_primary_event_timegate4to1_r00_a01_d005_s4330000000,valid,995.3055787089979,77.49981678998768,1535.30644351722,257.12,1.5274844331906607,1.004760024527243,False,0.05047840261286472,0.050828696440437665,66.43954348530679,65.77655222572503,0.9898977314848033,0.01646563179201621,0.025272321342345094,0,0,True,True,False,True,0
5,1,fixed1,static_primary_event_fixed1_r01_a01_d005_s4330000001,valid,991.1451712499984,39.5986391685708,784.3488415964193,130.82666666666665,1.1274444034233584,1.002741269187264,True,0.05048600452825808,0.050638176692447,25.724222887831274,24.38342712780286,0.9915939283655044,0.011758883655320147,0.021763500201632268,36,0,True,True,True,True,0
5,1,phasegate4to1,static_primary_event_phasegate4to1_r01_a01_d005_s4330000001,valid,991.914437333995,79.2971621739942,1571.895191719526,262.18666666666667,1.1380110375288484,1.008253841966511,True,0.05044685077714979,0.050898387825385805,102.8940043442417,25.13004347299284,0.9887039070873749,0.015079425276530072,0.022135558797162957,91,0,True,True,True,True,0
5,1,timegate4to1,static_primary_event_timegate4to1_r01_a01_d005_s4330000001,valid,994.614276584005,73.53202313884437,1461.5811475488108,243.78666666666666,1.5645352803500732,1.00520616057172,False,0.05030991489057141,0.05077571480616326,56.20396992182941,70.03059123572893,0.989442496387097,0.017624607828550104,0.027729791606543586,31,0,True,True,True,True,0
5,2,fixed1,static_primary_event_fixed1_r02_a01_d005_s4330000002,valid,992.5254505829944,40.188390107851035,793.955716441043,132.96,1.135456586180309,1.0025640792545,True,0.050617923992030744,0.05072556661241101,28.172219419080648,22.096011229979922,0.9922567141034112,0.01191508996009361,0.021845800400478753,1,0,True,True,True,True,0
5,2,phasegate4to1,static_primary_event_phasegate4to1_r02_a01_d005_s4330000002,valid,992.6003070409934,81.93428857829402,1618.8034122221509,271.0933333333333,1.1413287533436791,1.0056403888707313,True,0.050614106666492534,0.05101679589534313,109.54067049879814,23.360632982876268,0.9885934808158019,0.015319991640280932,0.022037282999372108,0,0,True,True,False,True,0
5,2,timegate4to1,static_primary_event_timegate4to1_r02_a01_d005_s4330000002,valid,982.0683058330033,73.80342036241717,1442.6872825824007,241.6,1.5335353193965877,0.9923073330970973,False,0.051156907843749426,0.05156231500434521,56.586777835022076,67.35485466281534,0.9899605349696469,0.017707414997857995,0.02785083339549601,0,0,True,True,False,True,0
5,3,fixed1,static_primary_event_fixed1_r03_a01_d005_s4330000003,valid,991.8542971669958,39.90908756766252,787.913349683605,131.94666666666666,1.137785985883502,1.0035621932694507,True,0.05065161998294412,0.05084376737507002,26.14525058446452,24.206604570688796,0.9919789812900834,0.012765751535750627,0.022396418753487524,0,0,True,True,False,True,0
5,3,phasegate4to1,static_primary_event_phasegate4to1_r03_a01_d005_s4330000003,valid,994.9646565839939,80.79080947054129,1600.0309898182827,267.94666666666666,1.214943588819818,1.0074634241362177,True,0.05049327793314603,0.0508790798438065,106.45898463569756,24.560879788114107,0.987867220747524,0.014665303499246616,0.022202372793253742,0,0,True,True,False,True,0
5,3,timegate4to1,static_primary_event_timegate4to1_r03_a01_d005_s4330000003,valid,993.0030107080092,71.91116162788492,1421.3651089886537,238.02666666666667,1.500134294737998,1.0023193764676284,False,0.050593025798313006,0.05098004988911006,53.96080859216454,68.51970315774088,0.9889331458742752,0.016521808001665965,0.02648863344438723,1,0,True,True,True,True,0
5,4,fixed1,static_primary_event_fixed1_r04_a01_d005_s4330000004,valid,992.5274039579963,39.80141993305789,786.3111993283843,131.68,1.1379348513076104,1.0033582151856115,True,0.05061789780821343,0.05071659513358039,26.314883914237726,23.94060217331571,0.9931982183669239,0.012048878818115389,0.019849163950129877,0,0,True,True,False,True,0
5,4,phasegate4to1,static_primary_event_phasegate4to1_r04_a01_d005_s4330000004,valid,990.8486959590082,77.0894691707401,1520.3927361659403,254.61333333333334,1.1317011126006633,1.0066191937577456,True,0.05070365527076968,0.05095660998796149,97.92458994917979,26.202257137090783,0.9892799490668136,0.01450159849958833,0.021705408301932037,0,0,True,True,False,True,0
5,4,timegate4to1,static_primary_event_timegate4to1_r04_a01_d005_s4330000004,valid,996.0463580829964,75.3217954075874,1493.3224842652062,250.08,1.569233644285409,1.0033728947947214,False,0.050439068721750156,0.05068553827476743,59.48615131403494,70.30695236212341,0.9901889408324526,0.013885910908522254,0.025678666696330767,0,0,True,True,False,True,0
25,0,fixed1,static_primary_event_fixed1_r00_a01_d025_s4330010000,valid,1010.2807149160071,197.03038676388982,787.4099252868851,663.52,1.2302773984439763,1.0031938188872416,True,0.25022593751546085,0.25055593391223685,134.05290283451905,118.6877793737367,0.9918157164474989,0.010345023564633536,0.018449667004460935,1,0,True,True,True,True,0
25,0,phasegate4to1,static_primary_event_phasegate4to1_r00_a01_d025_s4330010000,valid,1017.9295656250033,396.03525981925543,1574.803718853822,1343.7866666666666,1.2371869498585848,1.0202362848624633,True,0.2514822990813731,0.2532170481490777,529.9209779723751,127.04091439511103,0.9886006810369207,0.015356733272986303,0.022678808298223885,0,0,True,True,False,True,0
25,0,timegate4to1,static_primary_event_timegate4to1_r00_a01_d025_s4330010000,valid,1033.872351583006,367.79782283351886,1478.1987121703637,1267.52,1.5794035492269702,1.0139623842917942,False,0.2488148716443543,0.2507834840999871,289.08965307286417,368.7160474353004,0.9895194694545669,0.016841353338274797,0.02755092520674225,0,0,True,True,False,True,0
25,1,fixed1,static_primary_event_fixed1_r01_a01_d025_s4330010001,valid,1012.9450008749991,196.02248871210233,785.154217425189,661.8666666666667,1.2312269971025942,1.0055823500087289,True,0.2496611294465596,0.25013669177368464,131.22012300626375,121.7423217533069,0.9921677494683682,0.010486464068681919,0.019219396002881695,0,0,True,True,False,True,0
25,1,phasegate4to1,static_primary_event_phasegate4to1_r01_a01_d025_s4330010001,valid,1017.0354398749914,386.3778828083912,1551.0327053067485,1309.8666666666666,1.229415249264791,1.0196086361618153,True,0.24911008097148862,0.2509363021968135,511.151062317731,128.8538610333635,0.9884644609198013,0.01556873409933311,0.023251583996170666,1,0,True,True,True,True,0
25,1,timegate4to1,static_primary_event_timegate4to1_r01_a01_d025_s4330010001,valid,1034.4706319170073,376.5404139875574,1521.8992946243957,1298.4,1.5809645226946005,1.0147150330352115,False,0.2474148028831878,0.24918527728306258,327.6848946790269,342.5666652085638,0.9891899477184873,0.01574432453840431,0.026722564403462455,0,0,True,True,False,True,0
25,2,fixed1,static_primary_event_fixed1_r02_a02_d025_s4330010002,valid,1014.7180172920052,197.60366582935987,790.4183960048216,668.3733333333333,1.2467130429589142,1.0050254858356176,True,0.24999881939508206,0.2502412470922446,137.7058833140327,115.72731707300409,0.9924065498121784,0.010371228451120141,0.018767463961557942,0,0,True,True,False,True,0
25,2,phasegate4to1,static_primary_event_phasegate4to1_r02_a01_d025_s4330010002,valid,1014.0394825409894,405.5542284896945,1621.13980470092,1370.8266666666666,1.2390576694309132,1.0201943565161307,True,0.2501661036967223,0.2515891371514534,554.79612344013,117.69846342279925,0.988174243825581,0.014126108254503543,0.022740533651085568,0,0,True,True,False,True,0
25,2,timegate4to1,static_primary_event_timegate4to1_r02_a01_d025_s4330010002,valid,1035.3061995419994,353.8895064687931,1425.578697020916,1221.28,1.5876276244001468,1.0113419170308084,False,0.2482427011629235,0.24965051451498854,265.12935351183114,364.7314452935534,0.9900256874772821,0.014915262601183107,0.02900107140012551,0,0,True,True,False,True,0
25,3,fixed1,static_primary_event_fixed1_r03_a01_d025_s4330010003,valid,1013.9231820840068,196.44880748322504,785.8752909447804,663.9466666666667,1.2277494952051367,1.0059229363371747,True,0.24997453126062028,0.2505033032219774,131.32594777733902,122.23901099809154,0.9925373993189794,0.012048267570087564,0.02077908400679007,0,0,True,True,False,True,0
25,3,phasegate4to1,static_primary_event_phasegate4to1_r03_a01_d025_s4330010003,valid,1016.7062557919999,393.5531995800556,1577.0560476790529,1333.76,1.2329905495251368,1.0200817886720384,True,0.24954927896142076,0.2510972548351326,527.2248642201885,124.99622713496501,0.9883924616315442,0.014496313524551758,0.022226962201239073,0,0,True,True,False,True,0
25,3,timegate4to1,static_primary_event_timegate4to1_r03_a01_d025_s4330010003,valid,1037.5373036669916,378.24953243894186,1490.1304867813733,1308.16,1.5875340833400506,1.0136220617513416,False,0.25383651686500747,0.2554508755179266,309.440676873317,368.207131816991,0.9898495846247749,0.01580502027472023,0.028274822354433127,0,0,True,True,False,True,0
25,4,fixed1,static_primary_event_fixed1_r04_a01_d025_s4330010004,valid,1015.7606089999899,195.74690949646973,780.7151804733459,662.7733333333333,1.226455954981993,1.0064354563487043,True,0.25072768455429395,0.2510348953611192,128.96951815360808,125.54416870468413,0.992405892617415,0.010168736874571392,0.020584167010383674,76,0,True,True,True,True,0
25,4,phasegate4to1,static_primary_event_phasegate4to1_r04_a01_d025_s4330010004,valid,1019.5314846250112,393.1688290601775,1563.470018323847,1336.16,1.235520517282446,1.019942729483281,True,0.251471933872888,0.2531279568922244,525.8049556603946,128.12368113943376,0.9886534398105942,0.014921321592737513,0.022749914697487838,0,0,True,True,False,True,0
25,4,timegate4to1,static_primary_event_timegate4to1_r04_a01_d025_s4330010004,valid,1040.7903045419953,376.867461474487,1487.999635657474,1307.4666666666667,1.592362748975502,1.0135341248808896,False,0.2532712054784662,0.25512234333480877,282.536362808547,399.6208669047628,0.9896936826509444,0.016119603509044584,0.027039800000784448,34,0,True,True,True,True,0
100,0,fixed1,static_primary_event_fixed1_r00_a01_d100_s4330020000,valid,1058.116052707992,781.0863448152256,781.0863448152256,2754.9333333333334,1.1536889769328245,1.0064162558088923,True,1.0,0.9966857471352168,533.823456140075,519.0392946079664,0.9966857471352168,0.0,0.0,0,0,True,True,False,True,0
100,0,phasegate4to1,static_primary_event_phasegate4to1_r00_a01_d100_s4330020000,valid,1073.3550629160018,1556.3759446586155,1556.3759446586155,5568.48,1.1747227971180383,1.0611890302794642,True,1.0,0.9986247324833296,2182.15687201549,533.5819746369234,0.9924315246580597,0.0,0.0,117,0,True,True,True,True,0
100,0,timegate4to1,static_primary_event_timegate4to1_r00_a01_d100_s4330020000,valid,1090.618625874995,1538.3415982410525,1538.3415982410525,5592.48,1.580790093184949,1.0253153385615195,False,1.0,0.9985422929747377,1997.1403265820554,774.959918755645,0.9931319371442258,0.0,0.0,1,0,True,True,True,True,0
100,1,fixed1,static_primary_event_fixed1_r01_a01_d100_s4330020001,valid,1061.3235512919928,781.318759006659,781.318759006659,2764.1066666666666,1.1794288658833147,1.00654522204029,True,1.0,0.9966783657015863,534.6780730805622,521.3665095006581,0.9966783657015863,0.0,0.0,2,0,True,True,True,True,0
100,1,phasegate4to1,static_primary_event_phasegate4to1_r01_a01_d100_s4330020001,valid,1073.1830106249981,1552.2422396808645,1552.2422396808645,5552.8,1.1637221511355142,1.02629647481657,True,1.0,0.998583467570239,2182.7040832271596,531.9388753893581,0.9924937947126089,0.0,0.0,5,0,True,True,True,True,0
100,1,timegate4to1,static_primary_event_timegate4to1_r01_a02_d100_s4330020001,valid,1091.821322792006,1537.3944114844594,1537.3944114844594,5595.2,1.5812003472909983,1.0251478811465569,False,1.0,0.9985506657060206,1989.8590742814995,786.9965119587723,0.9931536644892972,0.0,0.0,1,0,True,True,True,True,0
100,2,fixed1,static_primary_event_fixed1_r02_a01_d100_s4330020002,valid,1063.867297082994,780.383044272892,780.383044272892,2767.4133333333334,1.1627239752514318,1.0086297112216676,True,1.0,0.9966956611170416,536.4750582788693,522.0666416050808,0.9966956611170416,0.0,0.0,5,0,True,True,True,True,0
100,2,phasegate4to1,static_primary_event_phasegate4to1_r02_a01_d100_s4330020002,valid,1072.312957416987,1551.457518528392,1551.457518528392,5545.493333333333,1.1623560117432503,1.0352566782526507,True,1.0,0.99862359398726,2178.4542459446966,532.8949947362271,0.9922550533049096,0.0,0.0,20,0,True,True,True,True,0
100,2,timegate4to1,static_primary_event_timegate4to1_r02_a01_d100_s4330020002,valid,1091.9034945830062,1539.5646303357503,1539.5646303357503,5603.52,1.5894134332809606,1.0251514355382154,False,1.0,0.9985642250349815,2003.859000560362,773.1732764950721,0.993264064240484,0.0,0.0,2,0,True,True,True,True,0
100,3,fixed1,static_primary_event_fixed1_r03_a01_d100_s4330020003,valid,1061.8068586669979,780.4658570772115,780.4658570772115,2762.346666666667,1.17426847245018,1.0066895188267702,True,1.0,0.9966973900017702,534.8661885814217,521.5770751409873,0.9966973900017702,0.0,0.0,0,0,True,True,False,True,0
100,3,phasegate4to1,static_primary_event_phasegate4to1_r03_a01_d100_s4330020003,valid,1074.9685512909928,1554.903162508923,1554.903162508923,5571.573333333334,1.1744511057257305,1.0615362507144799,True,1.0,0.998596981400841,2184.9651100471237,534.0071858081646,0.9922132015882718,0.0,0.0,0,0,True,True,False,True,0
100,3,timegate4to1,static_primary_event_timegate4to1_r03_a01_d100_s4330020003,valid,1090.1931885000085,1539.3675338487833,1539.3675338487833,5594.026666666667,1.5851419271670295,1.0260523948118119,False,1.0,0.9985540532027424,2019.4376280388242,752.0483801652445,0.9932721624273433,0.0,0.0,0,0,True,True,False,True,0
100,4,fixed1,static_primary_event_fixed1_r04_a01_d100_s4330020004,valid,1062.2480867499835,779.7199263818894,779.7199263818894,2760.8533333333335,1.160589328691268,1.0078446352239685,True,1.0,0.9967626557848667,535.1434729642933,521.6834487620217,0.9967626557848667,0.0,0.0,126,0,True,True,True,True,0
100,4,phasegate4to1,static_primary_event_phasegate4to1_r04_a01_d100_s4330020004,valid,1075.0369757080043,1552.8991446089942,1552.8991446089942,5564.746666666667,1.1607999445069863,1.0267781532801703,True,1.0,0.9985854065961193,2182.5661506180186,534.0978573964385,0.9921609067010774,0.0,0.0,69,0,True,True,True,True,0
100,4,timegate4to1,static_primary_event_timegate4to1_r04_a02_d100_s4330020004,valid,1089.7611829579982,1540.374190465819,1540.374190465819,5595.466666666666,1.5827729678324831,1.0265120510374168,False,1.0,0.9985799331069217,2028.216469404113,741.8956381294993,0.9931754414852749,0.0,0.0,66,0,True,True,True,True,0
