demand_duty_pct,policy,median_retrieval_qps_full_wall_time,median_retrieval_qps_scheduled_on_time,median_completed_queries_per_llm_request,median_normalized_p95_tpot,median_normalized_p95_ttft,joint_slo_passes,median_scheduled_on_fraction,median_actual_hnsw_active_fraction,median_prefill_active_worker_time_s,median_decode_active_worker_time_s,median_cap_binding_fraction_scheduled_on,median_on_off_to_zero_active_s,median_p95_on_off_to_zero_active_s,pageout_soft_flag_runs,swap_growth_runs,memory_pressure_clean_runs,power_clean_runs,thermal_proxy_clean_runs,phasegate_fixed_ratio_median,phasegate_fixed_ratio_ci_low,phasegate_fixed_ratio_ci_high,phasegate_timegate_ratio_median,phasegate_timegate_ratio_ci_low,phasegate_timegate_ratio_ci_high,phasegate_minus_fixed_qps_median,phasegate_minus_fixed_qps_ci_low,phasegate_minus_fixed_qps_ci_high,phasegate_fixed_slo_pass_count_contrast,phasegate_fixed_pair_min,phasegate_fixed_pair_max,phasegate_timegate_pair_min,phasegate_timegate_pair_max,phasegate_minus_fixed_qps_min,phasegate_minus_fixed_qps_max,pageout_clean_pair_count,pageout_clean_phasegate_fixed_ratio_median
5,fixed1,39.90908756766252,787.913349683605,131.94666666666666,1.135456586180309,1.0028524562432606,5,0.050617923992030744,0.05072556661241101,26.314883914237726,23.94060217331571,0.9919789812900834,0.012048878818115389,0.021845800400478753,2,0,5,5,5,,,,,,,,,,,,,,,,,,
5,phasegate4to1,79.2971621739942,1571.895191719526,262.18666666666667,1.1380110375288484,1.0066191937577456,5,0.050614106666492534,0.05095660998796149,102.8940043442417,25.13004347299284,0.9887039070873749,0.015079425276530072,0.022135558797162957,1,0,5,5,5,2.002522405793477,1.8325220461475438,2.0387551817430896,1.0784031064161528,0.9442653165560432,1.1234808010556891,39.6985230054234,33.24614148284452,41.74589847044298,0,1.8325220461475438,2.0387551817430896,0.9442653165560432,1.1234808010556891,33.24614148284452,41.74589847044298,3,1.9368522354327327
5,timegate4to1,73.80342036241717,1461.5811475488108,243.78666666666666,1.5335353193965877,1.0033728947947214,0,0.05047840261286472,0.050828696440437665,56.586777835022076,68.51970315774088,0.9898977314848033,0.016521808001665965,0.02648863344438723,2,0,5,5,5,,,,,,,,,,,,,,,,,,
25,fixed1,196.44880748322504,785.8752909447804,663.52,1.2302773984439763,1.0055823500087289,5,0.24999881939508206,0.2505033032219774,131.32594777733902,121.7423217533069,0.992405892617415,0.010371228451120141,0.019219396002881695,2,0,5,5,5,,,,,,,,,,,,,,,,,,
25,phasegate4to1,393.5531995800556,1574.803718853822,1336.16,1.235520517282446,1.0200817886720384,5,0.2501661036967223,0.2515891371514534,527.2248642201885,127.04091439511103,0.9884644609198013,0.014921321592737513,0.022740533651085568,1,0,5,5,5,2.0085570192221516,1.9710895690946117,2.052361866808229,1.0432549085609877,1.0261259308573418,1.1459911104356446,197.42191956370775,190.35539409628885,207.9505626603346,0,1.9710895690946117,2.052361866808229,1.0261259308573418,1.1459911104356446,190.35539409628885,207.9505626603346,2,2.027849522340857
25,timegate4to1,376.5404139875574,1487.999635657474,1298.4,1.5875340833400506,1.0136220617513416,0,0.2488148716443543,0.2507834840999871,289.08965307286417,368.207131816991,0.9896936826509444,0.01580502027472023,0.02755092520674225,1,0,5,5,5,,,,,,,,,,,,,,,,,,
100,fixed1,780.4658570772115,780.4658570772115,2762.346666666667,1.1627239752514318,1.0066895188267702,5,1.0,0.9966956611170416,534.8661885814217,521.5770751409873,0.9966956611170416,0.0,0.0,3,0,5,5,5,,,,,,,,,,,,,,,,,,
100,phasegate4to1,1552.8991446089942,1552.8991446089942,5564.746666666667,1.1637221511355142,1.0352566782526507,5,1.0,0.998596981400841,2182.5661506180186,533.5819746369234,0.9922550533049096,0.0,0.0,4,0,5,5,5,1.9916114646638117,1.9866952147089496,1.9925786118137718,1.00965778728314,1.0077248385409114,1.0117232391285418,773.1792182271048,770.9234806742055,775.2895998433899,0,1.9866952147089496,1.9925786118137718,1.0077248385409114,1.0117232391285418,770.9234806742055,775.2895998433899,1,1.9922757009921275
100,timegate4to1,1539.3675338487833,1539.3675338487833,5595.2,1.5827729678324831,1.0253153385615195,0,1.0,0.9985540532027424,2003.859000560362,773.1732764950721,0.9931754414852749,0.0,0.0,4,0,5,5,5,,,,,,,,,,,,,,,,,,
