run_key,repeat,demand_duty_pct,policy,active_worker_time_s,demand_on,llm_phase,policy_cap,wall_time_s
static_primary_event_fixed1_r00_a01_d005_s4330000000,0,5,fixed1,0.20724087397684343,False,DECODE,1,431.8403715308523
static_primary_event_fixed1_r00_a01_d005_s4330000000,0,5,fixed1,23.33037182413682,True,DECODE,1,23.41396579700813
static_primary_event_fixed1_r00_a01_d005_s4330000000,0,5,fixed1,0.0,False,IDLE,1,1.4353780530946096
static_primary_event_fixed1_r00_a01_d005_s4330000000,0,5,fixed1,0.06902162201004103,True,IDLE,1,0.06902162201004103
static_primary_event_fixed1_r00_a01_d005_s4330000000,0,5,fixed1,0.10526299600314815,False,PREFILL,1,508.5428990789951
static_primary_event_fixed1_r00_a01_d005_s4330000000,0,5,fixed1,26.636465881965705,True,PREFILL,1,26.729075127033866
static_primary_event_phasegate4to1_r00_a01_d005_s4330000000,0,5,phasegate4to1,0.19508383503125515,False,DECODE,1,426.4812895820796
static_primary_event_phasegate4to1_r00_a01_d005_s4330000000,0,5,phasegate4to1,0.0,False,DECODE,4,0.008885826988262124
static_primary_event_phasegate4to1_r00_a01_d005_s4330000000,0,5,phasegate4to1,28.651423753224663,True,DECODE,1,28.172832083015237
static_primary_event_phasegate4to1_r00_a01_d005_s4330000000,0,5,phasegate4to1,0.0031783199519850314,True,DECODE,4,0.0007945799879962578
static_primary_event_phasegate4to1_r00_a01_d005_s4330000000,0,5,phasegate4to1,0.0,False,IDLE,1,0.019599762017605826
static_primary_event_phasegate4to1_r00_a01_d005_s4330000000,0,5,phasegate4to1,0.0,False,IDLE,4,1.3860165691003203
static_primary_event_phasegate4to1_r00_a01_d005_s4330000000,0,5,phasegate4to1,0.000717541974154301,True,IDLE,1,0.000717541974154301
static_primary_event_phasegate4to1_r00_a01_d005_s4330000000,0,5,phasegate4to1,0.3774743789253989,True,IDLE,4,0.1064637509844033
static_primary_event_phasegate4to1_r00_a01_d005_s4330000000,0,5,phasegate4to1,0.6406295040651457,False,PREFILL,4,512.2496215128485
static_primary_event_phasegate4to1_r00_a01_d005_s4330000000,0,5,phasegate4to1,87.7717845171428,True,PREFILL,4,22.003058500005864
static_primary_event_timegate4to1_r00_a01_d005_s4330000000,0,5,timegate4to1,0.03559149999637157,False,DECODE,1,209.95306784188142
static_primary_event_timegate4to1_r00_a01_d005_s4330000000,0,5,timegate4to1,0.5560152889520396,False,DECODE,4,226.74898287208634
static_primary_event_timegate4to1_r00_a01_d005_s4330000000,0,5,timegate4to1,7.553090250847163,True,DECODE,1,7.466738082002848
static_primary_event_timegate4to1_r00_a01_d005_s4330000000,0,5,timegate4to1,57.63185518592945,True,DECODE,4,14.440619125016383
static_primary_event_timegate4to1_r00_a01_d005_s4330000000,0,5,timegate4to1,0.0,False,IDLE,1,0.6876101248635678
static_primary_event_timegate4to1_r00_a01_d005_s4330000000,0,5,timegate4to1,0.0,False,IDLE,4,0.7319559979951009
static_primary_event_timegate4to1_r00_a01_d005_s4330000000,0,5,timegate4to1,0.02919895900413394,True,IDLE,1,0.02919895900413394
static_primary_event_timegate4to1_r00_a01_d005_s4330000000,0,5,timegate4to1,0.25702767190523446,True,IDLE,4,0.06425691797630861
static_primary_event_timegate4to1_r00_a01_d005_s4330000000,0,5,timegate4to1,0.11676670600718353,False,PREFILL,1,250.09814537409693
static_primary_event_timegate4to1_r00_a01_d005_s4330000000,0,5,timegate4to1,0.11318312202638481,False,PREFILL,4,256.807719497112
static_primary_event_timegate4to1_r00_a01_d005_s4330000000,0,5,timegate4to1,15.963478714795201,True,PREFILL,1,15.680141208940768
static_primary_event_timegate4to1_r00_a01_d005_s4330000000,0,5,timegate4to1,50.246114942478016,True,PREFILL,4,12.597142708022147
static_primary_event_fixed1_r01_a01_d005_s4330000001,1,5,fixed1,0.1740888329950394,False,DECODE,1,429.9754148399661
static_primary_event_fixed1_r01_a01_d005_s4330000001,1,5,fixed1,24.20933829480782,True,DECODE,1,24.291441913010203
static_primary_event_fixed1_r01_a01_d005_s4330000001,1,5,fixed1,0.0006868330092402175,False,IDLE,1,1.3939794500911376
static_primary_event_fixed1_r01_a01_d005_s4330000001,1,5,fixed1,0.08144746097968891,True,IDLE,1,0.08144746097968891
static_primary_event_fixed1_r01_a01_d005_s4330000001,1,5,fixed1,0.16623196000000462,False,PREFILL,1,509.7521284209506
static_primary_event_fixed1_r01_a01_d005_s4330000001,1,5,fixed1,25.55799092783127,True,PREFILL,1,25.650759165000636
static_primary_event_phasegate4to1_r01_a01_d005_s4330000001,1,5,phasegate4to1,0.11020328999438789,False,DECODE,1,430.65894094981195
static_primary_event_phasegate4to1_r01_a01_d005_s4330000001,1,5,phasegate4to1,0.0,False,DECODE,4,0.009142589100520127
static_primary_event_phasegate4to1_r01_a01_d005_s4330000001,1,5,phasegate4to1,25.016346515069017,True,DECODE,1,24.41598875001364
static_primary_event_phasegate4to1_r01_a01_d005_s4330000001,1,5,phasegate4to1,0.003493667929433286,True,DECODE,4,0.0008734169823583215
static_primary_event_phasegate4to1_r01_a01_d005_s4330000001,1,5,phasegate4to1,0.0,False,IDLE,1,0.019430708096479066
static_primary_event_phasegate4to1_r01_a01_d005_s4330000001,1,5,phasegate4to1,0.004729167965706438,False,IDLE,4,1.3841150470107095
static_primary_event_phasegate4to1_r01_a01_d005_s4330000001,1,5,phasegate4to1,0.0009149180114036426,True,IDLE,1,0.0009149180114036426
static_primary_event_phasegate4to1_r01_a01_d005_s4330000001,1,5,phasegate4to1,0.4948369980411371,True,IDLE,4,0.13500937500793952
static_primary_event_phasegate4to1_r01_a01_d005_s4330000001,1,5,phasegate4to1,0.903826127119828,False,PREFILL,4,509.718470539985
static_primary_event_phasegate4to1_r01_a01_d005_s4330000001,1,5,phasegate4to1,101.99017821712187,True,PREFILL,4,25.57155103997502
static_primary_event_timegate4to1_r01_a01_d005_s4330000001,1,5,timegate4to1,0.1426655840186868,False,DECODE,1,208.23278128300444
static_primary_event_timegate4to1_r01_a01_d005_s4330000001,1,5,timegate4to1,0.4892490470665507,False,DECODE,4,221.98854700793163
static_primary_event_timegate4to1_r01_a01_d005_s4330000001,1,5,timegate4to1,14.096290263929404,True,DECODE,1,13.962841208980535
static_primary_event_timegate4to1_r01_a01_d005_s4330000001,1,5,timegate4to1,55.30238634071429,True,DECODE,4,13.854932164977072
static_primary_event_timegate4to1_r01_a01_d005_s4330000001,1,5,timegate4to1,0.0,False,IDLE,1,0.7278534520301037
static_primary_event_timegate4to1_r01_a01_d005_s4330000001,1,5,timegate4to1,0.0045936680398881435,False,IDLE,4,0.7296354529680684
static_primary_event_timegate4to1_r01_a01_d005_s4330000001,1,5,timegate4to1,0.02375154200126417,True,IDLE,1,0.02375154200126417
static_primary_event_timegate4to1_r01_a01_d005_s4330000001,1,5,timegate4to1,0.211163500091061,True,IDLE,4,0.05279087502276525
static_primary_event_timegate4to1_r01_a01_d005_s4330000001,1,5,timegate4to1,0.03479224999318831,False,PREFILL,1,249.07288505403267
static_primary_event_timegate4to1_r01_a01_d005_s4330000001,1,5,timegate4to1,0.4151416689710459,False,PREFILL,4,263.7798099620122
static_primary_event_timegate4to1_r01_a01_d005_s4330000001,1,5,timegate4to1,11.235060919076204,True,PREFILL,1,11.025796915055253
static_primary_event_timegate4to1_r01_a01_d005_s4330000001,1,5,timegate4to1,44.51897508378897,True,PREFILL,4,11.16265166598896
static_primary_event_fixed1_r02_a01_d005_s4330000002,2,5,fixed1,0.1559690409922041,False,DECODE,1,433.59944062298746
static_primary_event_fixed1_r02_a01_d005_s4330000002,2,5,fixed1,21.940042188987718,True,DECODE,1,22.022947331992327
static_primary_event_fixed1_r02_a01_d005_s4330000002,2,5,fixed1,0.0,False,IDLE,1,1.462598379017436
static_primary_event_fixed1_r02_a01_d005_s4330000002,2,5,fixed1,0.07818520900036674,True,IDLE,1,0.07818520900036674
static_primary_event_fixed1_r02_a01_d005_s4330000002,2,5,fixed1,0.14190820801013615,False,PREFILL,1,507.2365904570179
static_primary_event_fixed1_r02_a01_d005_s4330000002,2,5,fixed1,28.03031121107051,True,PREFILL,1,28.12568858297891
static_primary_event_phasegate4to1_r02_a01_d005_s4330000002,2,5,phasegate4to1,0.1026424580195453,False,DECODE,1,433.3542427128559
static_primary_event_phasegate4to1_r02_a01_d005_s4330000002,2,5,phasegate4to1,0.0,False,DECODE,4,0.009407131030457094
static_primary_event_phasegate4to1_r02_a01_d005_s4330000002,2,5,phasegate4to1,23.255006860985304,True,DECODE,1,22.89435929301544
static_primary_event_phasegate4to1_r02_a01_d005_s4330000002,2,5,phasegate4to1,0.0029836638714186847,True,DECODE,4,0.0007459159678546712
static_primary_event_phasegate4to1_r02_a01_d005_s4330000002,2,5,phasegate4to1,0.0,False,IDLE,1,0.01874862403201405
static_primary_event_phasegate4to1_r02_a01_d005_s4330000002,2,5,phasegate4to1,0.0,False,IDLE,4,1.4707317829015665
static_primary_event_phasegate4to1_r02_a01_d005_s4330000002,2,5,phasegate4to1,0.0009852479997789487,True,IDLE,1,0.0009852479997789487
static_primary_event_phasegate4to1_r02_a01_d005_s4330000002,2,5,phasegate4to1,0.536206697972375,True,IDLE,4,0.14936853997642174
static_primary_event_phasegate4to1_r02_a01_d005_s4330000002,2,5,phasegate4to1,0.7616615419537993,False,PREFILL,4,507.4299940401688
static_primary_event_phasegate4to1_r02_a01_d005_s4330000002,2,5,phasegate4to1,108.77900895684434,True,PREFILL,4,27.27172375304508
static_primary_event_timegate4to1_r02_a01_d005_s4330000002,2,5,timegate4to1,0.12026624896680005,False,DECODE,1,206.43291679004324
static_primary_event_timegate4to1_r02_a01_d005_s4330000002,2,5,timegate4to1,0.5671225010592025,False,DECODE,4,227.20286667101027
static_primary_event_timegate4to1_r02_a01_d005_s4330000002,2,5,timegate4to1,11.688237295064027,True,DECODE,1,11.200330289051635
static_primary_event_timegate4to1_r02_a01_d005_s4330000002,2,5,timegate4to1,54.97922861772531,True,DECODE,4,13.779786958970362
static_primary_event_timegate4to1_r02_a01_d005_s4330000002,2,5,timegate4to1,0.0,False,IDLE,1,0.7509934169793269
static_primary_event_timegate4to1_r02_a01_d005_s4330000002,2,5,timegate4to1,0.0,False,IDLE,4,0.771506081946427
static_primary_event_timegate4to1_r02_a01_d005_s4330000002,2,5,timegate4to1,0.03629204200115055,True,IDLE,1,0.03629204200115055
static_primary_event_timegate4to1_r02_a01_d005_s4330000002,2,5,timegate4to1,0.03139049996389076,True,IDLE,4,0.00784762499097269
static_primary_event_timegate4to1_r02_a01_d005_s4330000002,2,5,timegate4to1,0.07407308499387,False,PREFILL,1,244.2671274209133
static_primary_event_timegate4to1_r02_a01_d005_s4330000002,2,5,timegate4to1,0.15098349894105922,False,PREFILL,4,252.34840337207424
static_primary_event_timegate4to1_r02_a01_d005_s4330000002,2,5,timegate4to1,15.113426088180859,True,PREFILL,1,14.933308748004492
static_primary_event_timegate4to1_r02_a01_d005_s4330000002,2,5,timegate4to1,41.24829516290629,True,PREFILL,4,10.336926417017821
static_primary_event_fixed1_r03_a01_d005_s4330000003,3,5,fixed1,0.20618329095304944,False,DECODE,1,430.7037984611088
static_primary_event_fixed1_r03_a01_d005_s4330000003,3,5,fixed1,24.000421279735747,True,DECODE,1,24.0775421680446
static_primary_event_fixed1_r03_a01_d005_s4330000003,3,5,fixed1,0.0,False,IDLE,1,1.4950098299013916
static_primary_event_fixed1_r03_a01_d005_s4330000003,3,5,fixed1,0.07775399996899068,True,IDLE,1,0.07775399996899068
static_primary_event_fixed1_r03_a01_d005_s4330000003,3,5,fixed1,0.1512577520479681,False,PREFILL,1,509.4102935849951
static_primary_event_fixed1_r03_a01_d005_s4330000003,3,5,fixed1,25.993992832416552,True,PREFILL,1,26.08989912297693
static_primary_event_phasegate4to1_r03_a01_d005_s4330000003,3,5,phasegate4to1,0.24989920701773372,False,DECODE,1,434.2127216730878
static_primary_event_phasegate4to1_r03_a01_d005_s4330000003,3,5,phasegate4to1,0.0,False,DECODE,4,0.009011794973048382
static_primary_event_phasegate4to1_r03_a01_d005_s4330000003,3,5,phasegate4to1,24.306289077096153,True,DECODE,1,23.60406141699059
static_primary_event_phasegate4to1_r03_a01_d005_s4330000003,3,5,phasegate4to1,0.004691504000220448,True,DECODE,4,0.001172876000055112
static_primary_event_phasegate4to1_r03_a01_d005_s4330000003,3,5,phasegate4to1,0.0,False,IDLE,1,0.01931853691348806
static_primary_event_phasegate4to1_r03_a01_d005_s4330000003,3,5,phasegate4to1,0.00035966403083875775,False,IDLE,4,1.5591329500166466
static_primary_event_phasegate4to1_r03_a01_d005_s4330000003,3,5,phasegate4to1,0.0006181669887155294,True,IDLE,1,0.0006397079851012677
static_primary_event_phasegate4to1_r03_a01_d005_s4330000003,3,5,phasegate4to1,0.3705152059410466,True,IDLE,4,0.1058640829869546
static_primary_event_phasegate4to1_r03_a01_d005_s4330000003,3,5,phasegate4to1,0.4374472078779945,False,PREFILL,4,508.8753587929532
static_primary_event_phasegate4to1_r03_a01_d005_s4330000003,3,5,phasegate4to1,106.02153742781957,True,PREFILL,4,26.577374752087053
static_primary_event_timegate4to1_r03_a01_d005_s4330000003,3,5,timegate4to1,0.07298145901586395,False,DECODE,1,205.15125504189928
static_primary_event_timegate4to1_r03_a01_d005_s4330000003,3,5,timegate4to1,0.5328147910331609,False,DECODE,4,227.25320457605994
static_primary_event_timegate4to1_r03_a01_d005_s4330000003,3,5,timegate4to1,14.367255146964453,True,DECODE,1,14.174531291952007
static_primary_event_timegate4to1_r03_a01_d005_s4330000003,3,5,timegate4to1,53.5466517607274,True,DECODE,4,13.418133332015714
static_primary_event_timegate4to1_r03_a01_d005_s4330000003,3,5,timegate4to1,0.0,False,IDLE,1,0.7248417481023353
static_primary_event_timegate4to1_r03_a01_d005_s4330000003,3,5,timegate4to1,0.0,False,IDLE,4,0.823493925112416
static_primary_event_timegate4to1_r03_a01_d005_s4330000003,3,5,timegate4to1,0.06371304101776332,True,IDLE,1,0.06371304101776332
static_primary_event_timegate4to1_r03_a01_d005_s4330000003,3,5,timegate4to1,0.065329335979186,True,IDLE,4,0.0163323339947965
static_primary_event_timegate4to1_r03_a01_d005_s4330000003,3,5,timegate4to1,0.12358924801810645,False,PREFILL,1,250.93511545898218
static_primary_event_timegate4to1_r03_a01_d005_s4330000003,3,5,timegate4to1,0.21712029009358957,False,PREFILL,4,257.855696872939
static_primary_event_timegate4to1_r03_a01_d005_s4330000003,3,5,timegate4to1,12.3896942948777,True,PREFILL,1,12.251252041969565
static_primary_event_timegate4to1_r03_a01_d005_s4330000003,3,5,timegate4to1,41.230404759175144,True,PREFILL,4,10.335441043964238
static_primary_event_fixed1_r04_a01_d005_s4330000004,4,5,fixed1,0.13181845800136216,False,DECODE,1,431.4696429979813
static_primary_event_fixed1_r04_a01_d005_s4330000004,4,5,fixed1,23.80878371531435,True,DECODE,1,23.88700854300987
static_primary_event_fixed1_r04_a01_d005_s4330000004,4,5,fixed1,0.0,False,IDLE,1,1.4677477581280982
static_primary_event_fixed1_r04_a01_d005_s4330000004,4,5,fixed1,0.08212441796786152,True,IDLE,1,0.08212441796786152
static_primary_event_fixed1_r04_a01_d005_s4330000004,4,5,fixed1,0.1332568759971764,False,PREFILL,1,509.34265295090154
static_primary_event_fixed1_r04_a01_d005_s4330000004,4,5,fixed1,26.18162703824055,True,PREFILL,1,26.278227290007635
static_primary_event_phasegate4to1_r04_a01_d005_s4330000004,4,5,phasegate4to1,0.12730941601330414,False,DECODE,1,429.69473271109746
static_primary_event_phasegate4to1_r04_a01_d005_s4330000004,4,5,phasegate4to1,0.0,False,DECODE,4,0.009311713991337456
static_primary_event_phasegate4to1_r04_a01_d005_s4330000004,4,5,phasegate4to1,26.07213555717317,True,DECODE,1,25.714205377022154
static_primary_event_phasegate4to1_r04_a01_d005_s4330000004,4,5,phasegate4to1,0.0028121639043092728,True,DECODE,4,0.0007030409760773182
static_primary_event_phasegate4to1_r04_a01_d005_s4330000004,4,5,phasegate4to1,0.0,False,IDLE,1,0.0191204090078827
static_primary_event_phasegate4to1_r04_a01_d005_s4330000004,4,5,phasegate4to1,0.0,False,IDLE,4,1.4446244580321945
static_primary_event_phasegate4to1_r04_a01_d005_s4330000004,4,5,phasegate4to1,0.0008712080016266555,True,IDLE,1,0.0008712080016266555
static_primary_event_phasegate4to1_r04_a01_d005_s4330000004,4,5,phasegate4to1,0.49410108900337946,True,IDLE,4,0.13487783199525438
static_primary_event_phasegate4to1_r04_a01_d005_s4330000004,4,5,phasegate4to1,0.5104556709557073,False,PREFILL,4,509.41357362587587
static_primary_event_phasegate4to1_r04_a01_d005_s4330000004,4,5,phasegate4to1,97.41413427822408,True,PREFILL,4,24.416675583008328
static_primary_event_timegate4to1_r04_a01_d005_s4330000004,4,5,timegate4to1,0.07305720797739923,False,DECODE,1,204.2363368308579
static_primary_event_timegate4to1_r04_a01_d005_s4330000004,4,5,timegate4to1,0.3338824180100346,False,DECODE,4,228.51384592249815
static_primary_event_timegate4to1_r04_a01_d005_s4330000004,4,5,timegate4to1,12.357189535119687,True,DECODE,1,12.176078121978207
static_primary_event_timegate4to1_r04_a01_d005_s4330000004,4,5,timegate4to1,57.54282320101629,True,DECODE,4,14.41736183296598
static_primary_event_timegate4to1_r04_a01_d005_s4330000004,4,5,timegate4to1,0.0,False,IDLE,1,0.7140279978921171
static_primary_event_timegate4to1_r04_a01_d005_s4330000004,4,5,timegate4to1,0.0,False,IDLE,4,0.803333035990363
static_primary_event_timegate4to1_r04_a01_d005_s4330000004,4,5,timegate4to1,0.045197084051324055,True,IDLE,1,0.045197084051324055
static_primary_event_timegate4to1_r04_a01_d005_s4330000004,4,5,timegate4to1,0.20487921076710336,True,IDLE,4,0.05123308394104242
static_primary_event_timegate4to1_r04_a01_d005_s4330000004,4,5,timegate4to1,0.05244379001669586,False,PREFILL,1,255.4925926671276
static_primary_event_timegate4to1_r04_a01_d005_s4330000004,4,5,timegate4to1,0.15951154107460752,False,PREFILL,4,256.0141633797466
static_primary_event_timegate4to1_r04_a01_d005_s4330000004,4,5,timegate4to1,12.061228653095895,True,PREFILL,1,11.74812329497945
static_primary_event_timegate4to1_r04_a01_d005_s4330000004,4,5,timegate4to1,47.21296732984774,True,PREFILL,4,11.83406483096769
static_primary_event_fixed1_r00_a01_d025_s4330010000,0,25,fixed1,0.5473082959797466,False,DECODE,1,356.39708296887693
static_primary_event_fixed1_r00_a01_d025_s4330010000,0,25,fixed1,118.14047107775696,True,DECODE,1,118.48664757906226
static_primary_event_fixed1_r00_a01_d025_s4330010000,0,25,fixed1,0.0,False,IDLE,1,1.595659121114295
static_primary_event_fixed1_r00_a01_d025_s4330010000,0,25,fixed1,0.3911458310467424,True,IDLE,1,0.3911790400452446
static_primary_event_fixed1_r00_a01_d025_s4330010000,0,25,fixed1,0.8078897909872467,False,PREFILL,1,399.64819116295257
static_primary_event_fixed1_r00_a01_d025_s4330010000,0,25,fixed1,133.2450130435318,True,PREFILL,1,133.76195504395582
static_primary_event_phasegate4to1_r00_a01_d025_s4330010000,0,25,phasegate4to1,0.9506995400006417,False,DECODE,1,355.2970499168732
static_primary_event_phasegate4to1_r00_a01_d025_s4330010000,0,25,phasegate4to1,0.0,False,DECODE,4,0.007148337143007666
static_primary_event_phasegate4to1_r00_a01_d025_s4330010000,0,25,phasegate4to1,126.0727761991584,True,DECODE,1,123.4990807500435
static_primary_event_phasegate4to1_r00_a01_d025_s4330010000,0,25,phasegate4to1,0.017438655951991677,True,DECODE,4,0.004359663987997919
static_primary_event_phasegate4to1_r00_a01_d025_s4330010000,0,25,phasegate4to1,0.0,False,IDLE,1,0.017101166988140903
static_primary_event_phasegate4to1_r00_a01_d025_s4330010000,0,25,phasegate4to1,0.0,False,IDLE,4,1.7984953681298066
static_primary_event_phasegate4to1_r00_a01_d025_s4330010000,0,25,phasegate4to1,0.0035845870297634974,True,IDLE,1,0.0035845870297634974
static_primary_event_phasegate4to1_r00_a01_d025_s4330010000,0,25,phasegate4to1,1.9773116710712202,True,IDLE,4,0.5378333759726956
static_primary_event_phasegate4to1_r00_a01_d025_s4330010000,0,25,phasegate4to1,3.022339799121255,False,PREFILL,4,404.68987266490876
static_primary_event_phasegate4to1_r00_a01_d025_s4330010000,0,25,phasegate4to1,526.8986381732539,True,PREFILL,4,132.0750397939264
static_primary_event_timegate4to1_r00_a01_d025_s4330010000,0,25,timegate4to1,0.4290177060465794,False,DECODE,1,151.91274595707364
static_primary_event_timegate4to1_r00_a01_d025_s4330010000,0,25,timegate4to1,2.8815727490582503,False,DECODE,4,205.5709423700173
static_primary_event_timegate4to1_r00_a01_d025_s4330010000,0,25,timegate4to1,65.06965116536594,True,DECODE,1,63.469530793925514
static_primary_event_timegate4to1_r00_a01_d025_s4330010000,0,25,timegate4to1,300.33580581482965,True,DECODE,4,75.26724974898389
static_primary_event_timegate4to1_r00_a01_d025_s4330010000,0,25,timegate4to1,0.010236333982902579,False,IDLE,1,0.8171417920239037
static_primary_event_timegate4to1_r00_a01_d025_s4330010000,0,25,timegate4to1,0.0,False,IDLE,4,0.8779362090281211
static_primary_event_timegate4to1_r00_a01_d025_s4330010000,0,25,timegate4to1,0.213360505993478,True,IDLE,1,0.19868333800695837
static_primary_event_timegate4to1_r00_a01_d025_s4330010000,0,25,timegate4to1,0.713925999996718,True,IDLE,4,0.1784814999991795
static_primary_event_timegate4to1_r00_a01_d025_s4330010000,0,25,timegate4to1,0.2734730830125045,False,PREFILL,1,223.61200254202413
static_primary_event_timegate4to1_r00_a01_d025_s4330010000,0,25,timegate4to1,1.3714680727716768,False,PREFILL,4,193.60190899593
static_primary_event_timegate4to1_r00_a01_d025_s4330010000,0,25,timegate4to1,62.658568754050066,True,PREFILL,1,62.017266916896915
static_primary_event_timegate4to1_r00_a01_d025_s4330010000,0,25,timegate4to1,224.78614316302992,True,PREFILL,4,56.348461419096566
static_primary_event_fixed1_r01_a01_d025_s4330010001,1,25,fixed1,0.6819542070152238,False,DECODE,1,353.72867249483534
static_primary_event_fixed1_r01_a01_d025_s4330010001,1,25,fixed1,121.06036754629167,True,DECODE,1,121.40984083000512
static_primary_event_fixed1_r01_a01_d025_s4330010001,1,25,fixed1,0.006879499997012317,False,IDLE,1,1.5550536730297608
static_primary_event_fixed1_r01_a01_d025_s4330010001,1,25,fixed1,0.40538720799668226,True,IDLE,1,0.4054477079916978
static_primary_event_fixed1_r01_a01_d025_s4330010001,1,25,fixed1,0.6848930859850952,False,PREFILL,1,404.7970461650548
static_primary_event_fixed1_r01_a01_d025_s4330010001,1,25,fixed1,130.53522992027865,True,PREFILL,1,131.0489400040824
static_primary_event_phasegate4to1_r01_a01_d025_s4330010001,1,25,phasegate4to1,0.856552996992832,False,DECODE,1,352.39436450900394
static_primary_event_phasegate4to1_r01_a01_d025_s4330010001,1,25,phasegate4to1,0.0,False,DECODE,4,0.006932824966497719
static_primary_event_phasegate4to1_r01_a01_d025_s4330010001,1,25,phasegate4to1,127.97959086019546,True,DECODE,1,125.63156333296502
static_primary_event_phasegate4to1_r01_a01_d025_s4330010001,1,25,phasegate4to1,0.017717176175210625,True,DECODE,4,0.004429294043802656
static_primary_event_phasegate4to1_r01_a01_d025_s4330010001,1,25,phasegate4to1,6.049999501556158e-05,False,IDLE,1,0.016218874996411614
static_primary_event_phasegate4to1_r01_a01_d025_s4330010001,1,25,phasegate4to1,0.010513877990888432,False,IDLE,4,1.677410993972444
static_primary_event_phasegate4to1_r01_a01_d025_s4330010001,1,25,phasegate4to1,0.004077624995261431,True,IDLE,1,0.004077624995261431
static_primary_event_phasegate4to1_r01_a01_d025_s4330010001,1,25,phasegate4to1,2.0207054840720957,True,IDLE,4,0.5871126220445149
static_primary_event_phasegate4to1_r01_a01_d025_s4330010001,1,25,phasegate4to1,3.251974141152459,False,PREFILL,4,409.39428067700646
static_primary_event_phasegate4to1_r01_a01_d025_s4330010001,1,25,phasegate4to1,507.8990881765785,True,PREFILL,4,127.31904912099708
static_primary_event_timegate4to1_r01_a01_d025_s4330010001,1,25,timegate4to1,0.47400971002934966,False,DECODE,1,168.0147992989223
static_primary_event_timegate4to1_r01_a01_d025_s4330010001,1,25,timegate4to1,2.213087669137167,False,DECODE,4,196.97246178805653
static_primary_event_timegate4to1_r01_a01_d025_s4330010001,1,25,timegate4to1,63.402066583250416,True,DECODE,1,61.94323037395952
static_primary_event_timegate4to1_r01_a01_d025_s4330010001,1,25,timegate4to1,276.47750124614686,True,DECODE,4,69.28474666498369
static_primary_event_timegate4to1_r01_a01_d025_s4330010001,1,25,timegate4to1,0.0,False,IDLE,1,0.9249280370859196
static_primary_event_timegate4to1_r01_a01_d025_s4330010001,1,25,timegate4to1,0.03761933202622458,False,IDLE,4,0.8533655010833172
static_primary_event_timegate4to1_r01_a01_d025_s4330010001,1,25,timegate4to1,0.1987293780548498,True,IDLE,1,0.17723725203541107
static_primary_event_timegate4to1_r01_a01_d025_s4330010001,1,25,timegate4to1,0.79061258607544,True,IDLE,4,0.19766295902081765
static_primary_event_timegate4to1_r01_a01_d025_s4330010001,1,25,timegate4to1,0.3241030850331299,False,PREFILL,1,214.77101542394666
static_primary_event_timegate4to1_r01_a01_d025_s4330010001,1,25,timegate4to1,1.3001038090442307,False,PREFILL,4,196.83138371398672
static_primary_event_timegate4to1_r01_a01_d025_s4330010001,1,25,timegate4to1,57.96882457799802,True,PREFILL,1,57.28722649093834
static_primary_event_timegate4to1_r01_a01_d025_s4330010001,1,25,timegate4to1,268.09186320695153,True,PREFILL,4,67.21257441298803
static_primary_event_fixed1_r02_a02_d025_s4330010002,2,25,fixed1,0.5152989170019282,False,DECODE,1,361.46599853901716
static_primary_event_fixed1_r02_a02_d025_s4330010002,2,25,fixed1,115.21201815600216,True,DECODE,1,115.57681383690215
static_primary_event_fixed1_r02_a02_d025_s4330010002,2,25,fixed1,0.007023832993581891,False,IDLE,1,1.508732375994441
static_primary_event_fixed1_r02_a02_d025_s4330010002,2,25,fixed1,0.4840778740908718,True,IDLE,1,0.4840778740908718
static_primary_event_fixed1_r02_a02_d025_s4330010002,2,25,fixed1,0.742967121041147,False,PREFILL,1,398.22501316799026
static_primary_event_fixed1_r02_a02_d025_s4330010002,2,25,fixed1,136.96291619299154,True,PREFILL,1,137.45738149801036
static_primary_event_phasegate4to1_r02_a01_d025_s4330010002,2,25,phasegate4to1,0.5656334180384874,False,DECODE,1,361.46667357193655
static_primary_event_phasegate4to1_r02_a01_d025_s4330010002,2,25,phasegate4to1,0.0,False,DECODE,4,0.007311046967515722
static_primary_event_phasegate4to1_r02_a01_d025_s4330010002,2,25,phasegate4to1,117.11614742182428,True,DECODE,1,114.83711071600555
static_primary_event_phasegate4to1_r02_a01_d025_s4330010002,2,25,phasegate4to1,0.016682582936482504,True,DECODE,4,0.004192332984530367
static_primary_event_phasegate4to1_r02_a01_d025_s4330010002,2,25,phasegate4to1,0.0,False,IDLE,1,0.016168674032087438
static_primary_event_phasegate4to1_r02_a01_d025_s4330010002,2,25,phasegate4to1,0.003522663959302008,False,IDLE,4,1.599664460067288
static_primary_event_phasegate4to1_r02_a01_d025_s4330010002,2,25,phasegate4to1,0.004029246949357912,True,IDLE,1,0.004029246949357912
static_primary_event_phasegate4to1_r02_a01_d025_s4330010002,2,25,phasegate4to1,2.1927266438287916,True,IDLE,4,0.6182125039631501
static_primary_event_phasegate4to1_r02_a01_d025_s4330010002,2,25,phasegate4to1,3.1404907030664617,False,PREFILL,4,397.20422824198613
static_primary_event_phasegate4to1_r02_a01_d025_s4330010002,2,25,phasegate4to1,551.6556327370636,True,PREFILL,4,138.28189174609724
static_primary_event_timegate4to1_r02_a01_d025_s4330010002,2,25,timegate4to1,0.33665087597910315,False,DECODE,1,146.98873075201118
static_primary_event_timegate4to1_r02_a01_d025_s4330010002,2,25,timegate4to1,2.336928251956124,False,DECODE,4,219.22309936782403
static_primary_event_timegate4to1_r02_a01_d025_s4330010002,2,25,timegate4to1,57.899949405982625,True,DECODE,1,56.55098924401682
static_primary_event_timegate4to1_r02_a01_d025_s4330010002,2,25,timegate4to1,304.15791675963555,True,DECODE,4,76.2087833800324
static_primary_event_timegate4to1_r02_a01_d025_s4330010002,2,25,timegate4to1,0.0007167089934227988,False,IDLE,1,0.7193597080477048
static_primary_event_timegate4to1_r02_a01_d025_s4330010002,2,25,timegate4to1,0.02238650101935491,False,IDLE,4,1.0716847120929742
static_primary_event_timegate4to1_r02_a01_d025_s4330010002,2,25,timegate4to1,0.1781824579957174,True,IDLE,1,0.17821149999508634
static_primary_event_timegate4to1_r02_a01_d025_s4330010002,2,25,timegate4to1,0.7998621639562771,True,IDLE,4,0.19996554098906927
static_primary_event_timegate4to1_r02_a01_d025_s4330010002,2,25,timegate4to1,0.33384367005783133,False,PREFILL,1,221.3904051719437
static_primary_event_timegate4to1_r02_a01_d025_s4330010002,2,25,timegate4to1,0.8076707019354217,False,PREFILL,4,188.83137716606143
static_primary_event_timegate4to1_r02_a01_d025_s4330010002,2,25,timegate4to1,78.60007313528331,True,PREFILL,1,77.45103766389366
static_primary_event_timegate4to1_r02_a01_d025_s4330010002,2,25,timegate4to1,185.38776600455458,True,PREFILL,4,46.49255533509131
static_primary_event_fixed1_r03_a01_d025_s4330010003,3,25,fixed1,0.7064005419233581,False,DECODE,1,353.8667806730373
static_primary_event_fixed1_r03_a01_d025_s4330010003,3,25,fixed1,121.53261045616819,True,DECODE,1,121.91115237311169
static_primary_event_fixed1_r03_a01_d025_s4330010003,3,25,fixed1,0.0007254590018419549,False,IDLE,1,1.706179664004594
static_primary_event_fixed1_r03_a01_d025_s4330010003,3,25,fixed1,0.4254220909497235,True,IDLE,1,0.4254220909497235
static_primary_event_fixed1_r03_a01_d025_s4330010003,3,25,fixed1,0.7507143750553951,False,PREFILL,1,404.9602812079247
static_primary_event_fixed1_r03_a01_d025_s4330010003,3,25,fixed1,130.57523340228363,True,PREFILL,1,131.05336607497884
static_primary_event_phasegate4to1_r03_a01_d025_s4330010003,3,25,phasegate4to1,0.8150894999562297,False,DECODE,1,355.71381383798143
static_primary_event_phasegate4to1_r03_a01_d025_s4330010003,3,25,phasegate4to1,5.495900404639542e-05,False,DECODE,4,0.007331630942644551
static_primary_event_phasegate4to1_r03_a01_d025_s4330010003,3,25,phasegate4to1,124.16319750821276,True,DECODE,1,121.79324629000621
static_primary_event_phasegate4to1_r03_a01_d025_s4330010003,3,25,phasegate4to1,0.0178851677919738,True,DECODE,4,0.00447129194799345
static_primary_event_phasegate4to1_r03_a01_d025_s4330010003,3,25,phasegate4to1,5.308300023898482e-05,False,IDLE,1,0.0164189490606077
static_primary_event_phasegate4to1_r03_a01_d025_s4330010003,3,25,phasegate4to1,0.024537084973417222,False,IDLE,4,1.6883787958940957
static_primary_event_phasegate4to1_r03_a01_d025_s4330010003,3,25,phasegate4to1,0.003929623999283649,True,IDLE,1,0.003929623999283649
static_primary_event_phasegate4to1_r03_a01_d025_s4330010003,3,25,phasegate4to1,1.9717697401792975,True,IDLE,4,0.5732793740462512
static_primary_event_phasegate4to1_r03_a01_d025_s4330010003,3,25,phasegate4to1,2.627703962221858,False,PREFILL,4,405.39675870620704
static_primary_event_phasegate4to1_r03_a01_d025_s4330010003,3,25,phasegate4to1,524.5971602579666,True,PREFILL,4,131.5086272919143
static_primary_event_timegate4to1_r03_a01_d025_s4330010003,3,25,timegate4to1,0.43703029400785454,False,DECODE,1,157.9165721339814
static_primary_event_timegate4to1_r03_a01_d025_s4330010003,3,25,timegate4to1,2.4575588810257614,False,DECODE,4,206.95489812998858
static_primary_event_timegate4to1_r03_a01_d025_s4330010003,3,25,timegate4to1,60.47803466512414,True,DECODE,1,58.89859687087301
static_primary_event_timegate4to1_r03_a01_d025_s4330010003,3,25,timegate4to1,304.83450797683327,True,DECODE,4,76.39976800208387
static_primary_event_timegate4to1_r03_a01_d025_s4330010003,3,25,timegate4to1,0.0023384169908240438,False,IDLE,1,1.009670742045273
static_primary_event_timegate4to1_r03_a01_d025_s4330010003,3,25,timegate4to1,0.0,False,IDLE,4,0.8914343760407064
static_primary_event_timegate4to1_r03_a01_d025_s4330010003,3,25,timegate4to1,0.26807695598108694,True,IDLE,1,0.2681097889872035
static_primary_event_timegate4to1_r03_a01_d025_s4330010003,3,25,timegate4to1,0.7012615840503713,True,IDLE,4,0.1770637920126319
static_primary_event_timegate4to1_r03_a01_d025_s4330010003,3,25,timegate4to1,0.26034500502282754,False,PREFILL,1,218.07837725515128
static_primary_event_timegate4to1_r03_a01_d025_s4330010003,3,25,timegate4to1,1.2296065961418208,False,PREFILL,4,189.15981245593866
static_primary_event_timegate4to1_r03_a01_d025_s4330010003,3,25,timegate4to1,68.2452366026846,True,PREFILL,1,67.7039249609079
static_primary_event_timegate4to1_r03_a01_d025_s4330010003,3,25,timegate4to1,239.70548866946774,True,PREFILL,4,60.07907515898114
static_primary_event_fixed1_r04_a01_d025_s4330010004,4,25,fixed1,0.7124564980331343,False,DECODE,1,352.57670682208845
static_primary_event_fixed1_r04_a01_d025_s4330010004,4,25,fixed1,124.83171220665099,True,DECODE,1,125.20544567517936
static_primary_event_fixed1_r04_a01_d025_s4330010004,4,25,fixed1,0.006676499993773177,False,IDLE,1,1.7258407139743213
static_primary_event_fixed1_r04_a01_d025_s4330010004,4,25,fixed1,0.4709948339732364,True,IDLE,1,0.4709948339732364
static_primary_event_fixed1_r04_a01_d025_s4330010004,4,25,fixed1,0.5722965850436594,False,PREFILL,1,406.90041095996276
static_primary_event_fixed1_r04_a01_d025_s4330010004,4,25,fixed1,128.39722156856442,True,PREFILL,1,128.8812099948118
static_primary_event_phasegate4to1_r04_a01_d025_s4330010004,4,25,phasegate4to1,0.8009358768467791,False,DECODE,1,355.52839595772093
static_primary_event_phasegate4to1_r04_a01_d025_s4330010004,4,25,phasegate4to1,4.570800228975713e-05,False,DECODE,4,0.008155045070452616
static_primary_event_phasegate4to1_r04_a01_d025_s4330010004,4,25,phasegate4to1,127.305490714818,True,DECODE,1,124.84119512222242
static_primary_event_phasegate4to1_r04_a01_d025_s4330010004,4,25,phasegate4to1,0.017208839766681194,True,DECODE,4,0.004302209941670299
static_primary_event_phasegate4to1_r04_a01_d025_s4330010004,4,25,phasegate4to1,0.00031124899396672845,False,IDLE,1,0.016485496948007494
static_primary_event_phasegate4to1_r04_a01_d025_s4330010004,4,25,phasegate4to1,0.026737667009001598,False,IDLE,4,1.7794028840726241
static_primary_event_phasegate4to1_r04_a01_d025_s4330010004,4,25,phasegate4to1,0.003717712068464607,True,IDLE,1,0.003717712068464607
static_primary_event_phasegate4to1_r04_a01_d025_s4330010004,4,25,phasegate4to1,2.153120206989115,True,IDLE,4,0.587428871949669
static_primary_event_phasegate4to1_r04_a01_d025_s4330010004,4,25,phasegate4to1,2.861744858761085,False,PREFILL,4,405.67088461093954
static_primary_event_phasegate4to1_r04_a01_d025_s4330010004,4,25,phasegate4to1,522.9432108016335,True,PREFILL,4,131.09151671407744
static_primary_event_timegate4to1_r04_a01_d025_s4330010004,4,25,timegate4to1,0.33301982999546453,False,DECODE,1,138.09832666724105
static_primary_event_timegate4to1_r04_a01_d025_s4330010004,4,25,timegate4to1,2.6066740300448146,False,DECODE,4,228.4783808788343
static_primary_event_timegate4to1_r04_a01_d025_s4330010004,4,25,timegate4to1,50.78396089369198,True,DECODE,1,49.25348149886122
static_primary_event_timegate4to1_r04_a01_d025_s4330010004,4,25,timegate4to1,345.89721215103054,True,DECODE,4,86.69646796409506
static_primary_event_timegate4to1_r04_a01_d025_s4330010004,4,25,timegate4to1,0.0,False,IDLE,1,0.898561328969663
static_primary_event_timegate4to1_r04_a01_d025_s4330010004,4,25,timegate4to1,0.012580333976075053,False,IDLE,4,0.866278990986757
static_primary_event_timegate4to1_r04_a01_d025_s4330010004,4,25,timegate4to1,0.2453362930973526,True,IDLE,1,0.24536833411548287
static_primary_event_timegate4to1_r04_a01_d025_s4330010004,4,25,timegate4to1,0.923565781879006,True,IDLE,4,0.23095483097131364
static_primary_event_timegate4to1_r04_a01_d025_s4330010004,4,25,timegate4to1,0.39573554502567276,False,PREFILL,1,240.80921833601315
static_primary_event_timegate4to1_r04_a01_d025_s4330010004,4,25,timegate4to1,1.4064167623000685,False,PREFILL,4,167.80896850820864
static_primary_event_timegate4to1_r04_a01_d025_s4330010004,4,25,timegate4to1,77.14652156332158,True,PREFILL,1,76.37771303893533
static_primary_event_timegate4to1_r04_a01_d025_s4330010004,4,25,timegate4to1,203.58768893789966,True,PREFILL,4,51.026584164763335
static_primary_event_fixed1_r00_a01_d100_s4330020000,0,100,fixed1,519.0392946079664,True,DECODE,1,520.5581409159349
static_primary_event_fixed1_r00_a01_d100_s4330020000,0,100,fixed1,1.746437800989952,True,IDLE,1,1.7465222169994377
static_primary_event_fixed1_r00_a01_d100_s4330020000,0,100,fixed1,533.823456140075,True,PREFILL,1,535.8113895750575
static_primary_event_phasegate4to1_r00_a01_d100_s4330020000,0,100,phasegate4to1,533.5141934098065,True,DECODE,1,523.7656762870029
static_primary_event_phasegate4to1_r00_a01_d100_s4330020000,0,100,phasegate4to1,0.06778122711693868,True,DECODE,4,0.016958661028183997
static_primary_event_phasegate4to1_r00_a01_d100_s4330020000,0,100,phasegate4to1,0.01671040516521316,True,IDLE,1,0.01671040516521316
static_primary_event_phasegate4to1_r00_a01_d100_s4330020000,0,100,phasegate4to1,9.258798030321486,True,IDLE,4,2.5158840148942545
static_primary_event_phasegate4to1_r00_a01_d100_s4330020000,0,100,phasegate4to1,2182.15687201549,True,PREFILL,4,547.0398335479113
static_primary_event_timegate4to1_r00_a01_d100_s4330020000,0,100,timegate4to1,478.12395280529745,True,DECODE,1,469.20845087796624
static_primary_event_timegate4to1_r00_a01_d100_s4330020000,0,100,timegate4to1,296.8359659503476,True,DECODE,4,74.37588537688134
static_primary_event_timegate4to1_r00_a01_d100_s4330020000,0,100,timegate4to1,1.5513434529857477,True,IDLE,1,1.5560068289923947
static_primary_event_timegate4to1_r00_a01_d100_s4330020000,0,100,timegate4to1,0.9531331599573605,True,IDLE,4,0.23828328998934012
static_primary_event_timegate4to1_r00_a01_d100_s4330020000,0,100,timegate4to1,60.66161887982162,True,PREFILL,1,59.79937599701225
static_primary_event_timegate4to1_r00_a01_d100_s4330020000,0,100,timegate4to1,1936.4787077022338,True,PREFILL,4,485.44062350415334
static_primary_event_fixed1_r01_a01_d100_s4330020001,1,100,fixed1,521.3665095006581,True,DECODE,1,522.9074229559192
static_primary_event_fixed1_r01_a01_d100_s4330020001,1,100,fixed1,1.753640001086751,True,IDLE,1,1.7536732510925503
static_primary_event_fixed1_r01_a01_d100_s4330020001,1,100,fixed1,534.6780730805622,True,PREFILL,1,536.662455084981
static_primary_event_phasegate4to1_r01_a01_d100_s4330020001,1,100,phasegate4to1,531.8696552337642,True,DECODE,1,523.4040087851172
static_primary_event_phasegate4to1_r01_a01_d100_s4330020001,1,100,phasegate4to1,0.06922015559393913,True,DECODE,4,0.017317340898443945
static_primary_event_phasegate4to1_r01_a01_d100_s4330020001,1,100,phasegate4to1,0.01636875698750373,True,IDLE,1,0.01636875698750373
static_primary_event_phasegate4to1_r01_a01_d100_s4330020001,1,100,phasegate4to1,9.57214767577534,True,IDLE,4,2.5939616629475495
static_primary_event_phasegate4to1_r01_a01_d100_s4330020001,1,100,phasegate4to1,2182.7040832271596,True,PREFILL,4,547.1513540790475
static_primary_event_timegate4to1_r01_a02_d100_s4330020001,1,100,timegate4to1,476.0288359624683,True,DECODE,1,466.8510457938828
static_primary_event_timegate4to1_r01_a02_d100_s4330020001,1,100,timegate4to1,310.967675996304,True,DECODE,4,77.9178299990017
static_primary_event_timegate4to1_r01_a02_d100_s4330020001,1,100,timegate4to1,1.5529947949544294,True,IDLE,1,1.553089254972292
static_primary_event_timegate4to1_r01_a02_d100_s4330020001,1,100,timegate4to1,1.2575085880234838,True,IDLE,4,0.3143883760058088
static_primary_event_timegate4to1_r01_a02_d100_s4330020001,1,100,timegate4to1,63.12994307614281,True,PREFILL,1,62.19399033005175
static_primary_event_timegate4to1_r01_a02_d100_s4330020001,1,100,timegate4to1,1926.7291312053567,True,PREFILL,4,482.9909790380916
static_primary_event_fixed1_r02_a01_d100_s4330020002,2,100,fixed1,522.0666416050808,True,DECODE,1,523.5853870859428
static_primary_event_fixed1_r02_a01_d100_s4330020002,2,100,fixed1,1.810219122984563,True,IDLE,1,1.8149150399840437
static_primary_event_fixed1_r02_a01_d100_s4330020002,2,100,fixed1,536.4750582788693,True,PREFILL,1,538.4669949570671
static_primary_event_phasegate4to1_r02_a01_d100_s4330020002,2,100,phasegate4to1,532.8240615365648,True,DECODE,1,523.6380415498861
static_primary_event_phasegate4to1_r02_a01_d100_s4330020002,2,100,phasegate4to1,0.07093319966224954,True,DECODE,4,0.01774840416328516
static_primary_event_phasegate4to1_r02_a01_d100_s4330020002,2,100,phasegate4to1,0.016913253071834333,True,IDLE,1,0.016913253071834333
static_primary_event_phasegate4to1_r02_a01_d100_s4330020002,2,100,phasegate4to1,9.123607275134418,True,IDLE,4,2.5549695800582413
static_primary_event_phasegate4to1_r02_a01_d100_s4330020002,2,100,phasegate4to1,2178.4542459446966,True,PREFILL,4,546.0852846298076
static_primary_event_timegate4to1_r02_a01_d100_s4330020002,2,100,timegate4to1,480.3231936121301,True,DECODE,1,471.24508170300396
static_primary_event_timegate4to1_r02_a01_d100_s4330020002,2,100,timegate4to1,292.85008288294193,True,DECODE,4,73.39204916400195
static_primary_event_timegate4to1_r02_a01_d100_s4330020002,2,100,timegate4to1,1.66850267398695,True,IDLE,1,1.644019089973881
static_primary_event_timegate4to1_r02_a01_d100_s4330020002,2,100,timegate4to1,1.0978635001229122,True,IDLE,4,0.27446587503072806
static_primary_event_timegate4to1_r02_a01_d100_s4330020002,2,100,timegate4to1,58.85303320006642,True,PREFILL,1,57.8118438860256
static_primary_event_timegate4to1_r02_a01_d100_s4330020002,2,100,timegate4to1,1945.0059673602955,True,PREFILL,4,487.53603486497013
static_primary_event_fixed1_r03_a01_d100_s4330020003,3,100,fixed1,521.5770751409873,True,DECODE,1,523.1235524699005
static_primary_event_fixed1_r03_a01_d100_s4330020003,3,100,fixed1,1.8568609969661338,True,IDLE,1,1.8569568299717503
static_primary_event_fixed1_r03_a01_d100_s4330020003,3,100,fixed1,534.8661885814217,True,PREFILL,1,536.8263493671257
static_primary_event_phasegate4to1_r03_a01_d100_s4330020003,3,100,phasegate4to1,533.9364748125226,True,DECODE,1,524.6305922510801
static_primary_event_phasegate4to1_r03_a01_d100_s4330020003,3,100,phasegate4to1,0.07071099564200267,True,DECODE,4,0.017677748910500668
static_primary_event_phasegate4to1_r03_a01_d100_s4330020003,3,100,phasegate4to1,0.01717884498066269,True,IDLE,1,0.017217678992892615
static_primary_event_phasegate4to1_r03_a01_d100_s4330020003,3,100,phasegate4to1,9.199490125029115,True,IDLE,4,2.5906759449717356
static_primary_event_phasegate4to1_r03_a01_d100_s4330020003,3,100,phasegate4to1,2184.9651100471237,True,PREFILL,4,547.7123876670375
static_primary_event_timegate4to1_r03_a01_d100_s4330020003,3,100,timegate4to1,485.6606841432804,True,DECODE,1,476.2073348250851
static_primary_event_timegate4to1_r03_a01_d100_s4330020003,3,100,timegate4to1,266.3876960219641,True,DECODE,4,66.73326247108344
static_primary_event_timegate4to1_r03_a01_d100_s4330020003,3,100,timegate4to1,1.6764033348008525,True,IDLE,1,1.6764955438120523
static_primary_event_timegate4to1_r03_a01_d100_s4330020003,3,100,timegate4to1,0.9504198278300464,True,IDLE,4,0.2376049569575116
static_primary_event_timegate4to1_r03_a01_d100_s4330020003,3,100,timegate4to1,53.157432939246064,True,PREFILL,1,52.44603858712071
static_primary_event_timegate4to1_r03_a01_d100_s4330020003,3,100,timegate4to1,1966.2801950995781,True,PREFILL,4,492.8924521159497
static_primary_event_fixed1_r04_a01_d100_s4330020004,4,100,fixed1,521.6834487620217,True,DECODE,1,523.2183013710019
static_primary_event_fixed1_r04_a01_d100_s4330020004,4,100,fixed1,1.982302324991906,True,IDLE,1,1.982302324991906
static_primary_event_fixed1_r04_a01_d100_s4330020004,4,100,fixed1,535.1434729642933,True,PREFILL,1,537.0474830539897
static_primary_event_phasegate4to1_r04_a01_d100_s4330020004,4,100,phasegate4to1,534.0289931095904,True,DECODE,1,525.0696441241307
static_primary_event_phasegate4to1_r04_a01_d100_s4330020004,4,100,phasegate4to1,0.06886428684811108,True,DECODE,4,0.017239529959624633
static_primary_event_phasegate4to1_r04_a01_d100_s4330020004,4,100,phasegate4to1,0.016703764034900814,True,IDLE,1,0.016703764034900814
static_primary_event_phasegate4to1_r04_a01_d100_s4330020004,4,100,phasegate4to1,10.082354271784425,True,IDLE,4,2.82780195196392
static_primary_event_phasegate4to1_r04_a01_d100_s4330020004,4,100,phasegate4to1,2182.5661506180186,True,PREFILL,4,547.1055863379152
static_primary_event_timegate4to1_r04_a02_d100_s4330020004,4,100,timegate4to1,486.87882372777676,True,DECODE,1,478.2521870790515
static_primary_event_timegate4to1_r04_a02_d100_s4330020004,4,100,timegate4to1,255.0168144017225,True,DECODE,4,63.90643557914882
static_primary_event_timegate4to1_r04_a02_d100_s4330020004,4,100,timegate4to1,1.6458724708936643,True,IDLE,1,1.645870929933153
static_primary_event_timegate4to1_r04_a02_d100_s4330020004,4,100,timegate4to1,1.7378813296672888,True,IDLE,4,0.43457404093351215
static_primary_event_timegate4to1_r04_a02_d100_s4330020004,4,100,timegate4to1,51.157543539011385,True,PREFILL,1,49.91681220688042
static_primary_event_timegate4to1_r04_a02_d100_s4330020004,4,100,timegate4to1,1977.0589258651016,True,PREFILL,4,495.6053031220508
