run_key,repeat,demand_duty_pct,policy,pageouts_delta,pageins_delta,swap_used_delta_bytes,memory_pressure_clean,pageout_soft_flag,power_clean,thermal_proxy_clean,compressions_delta,decompressions_delta
static_primary_event_fixed1_r00_a01_d005_s4330000000,0,5,fixed1,0,394,0,True,False,True,True,0,0
static_primary_event_phasegate4to1_r00_a01_d005_s4330000000,0,5,phasegate4to1,0,293,0,True,False,True,True,0,0
static_primary_event_timegate4to1_r00_a01_d005_s4330000000,0,5,timegate4to1,0,359,0,True,False,True,True,0,0
static_primary_event_fixed1_r01_a01_d005_s4330000001,1,5,fixed1,36,932,0,True,True,True,True,0,0
static_primary_event_phasegate4to1_r01_a01_d005_s4330000001,1,5,phasegate4to1,91,1804,0,True,True,True,True,0,0
static_primary_event_timegate4to1_r01_a01_d005_s4330000001,1,5,timegate4to1,31,1490,0,True,True,True,True,0,0
static_primary_event_fixed1_r02_a01_d005_s4330000002,2,5,fixed1,1,1009,0,True,True,True,True,0,0
static_primary_event_phasegate4to1_r02_a01_d005_s4330000002,2,5,phasegate4to1,0,1293,0,True,False,True,True,0,0
static_primary_event_timegate4to1_r02_a01_d005_s4330000002,2,5,timegate4to1,0,489,0,True,False,True,True,0,0
static_primary_event_fixed1_r03_a01_d005_s4330000003,3,5,fixed1,0,549,0,True,False,True,True,0,0
static_primary_event_phasegate4to1_r03_a01_d005_s4330000003,3,5,phasegate4to1,0,822,0,True,False,True,True,0,0
static_primary_event_timegate4to1_r03_a01_d005_s4330000003,3,5,timegate4to1,1,487,0,True,True,True,True,0,0
static_primary_event_fixed1_r04_a01_d005_s4330000004,4,5,fixed1,0,1134,0,True,False,True,True,0,0
static_primary_event_phasegate4to1_r04_a01_d005_s4330000004,4,5,phasegate4to1,0,347,0,True,False,True,True,0,0
static_primary_event_timegate4to1_r04_a01_d005_s4330000004,4,5,timegate4to1,0,648,0,True,False,True,True,0,0
static_primary_event_fixed1_r00_a01_d025_s4330010000,0,25,fixed1,1,487,0,True,True,True,True,0,0
static_primary_event_phasegate4to1_r00_a01_d025_s4330010000,0,25,phasegate4to1,0,329,0,True,False,True,True,0,0
static_primary_event_timegate4to1_r00_a01_d025_s4330010000,0,25,timegate4to1,0,482,0,True,False,True,True,0,0
static_primary_event_fixed1_r01_a01_d025_s4330010001,1,25,fixed1,0,334,0,True,False,True,True,0,0
static_primary_event_phasegate4to1_r01_a01_d025_s4330010001,1,25,phasegate4to1,1,562,0,True,True,True,True,0,0
static_primary_event_timegate4to1_r01_a01_d025_s4330010001,1,25,timegate4to1,0,317,0,True,False,True,True,0,0
static_primary_event_fixed1_r02_a02_d025_s4330010002,2,25,fixed1,0,809,0,True,False,True,True,0,0
static_primary_event_phasegate4to1_r02_a01_d025_s4330010002,2,25,phasegate4to1,0,680,0,True,False,True,True,0,0
static_primary_event_timegate4to1_r02_a01_d025_s4330010002,2,25,timegate4to1,0,503,0,True,False,True,True,0,0
static_primary_event_fixed1_r03_a01_d025_s4330010003,3,25,fixed1,0,492,0,True,False,True,True,0,0
static_primary_event_phasegate4to1_r03_a01_d025_s4330010003,3,25,phasegate4to1,0,574,0,True,False,True,True,0,0
static_primary_event_timegate4to1_r03_a01_d025_s4330010003,3,25,timegate4to1,0,459,0,True,False,True,True,0,0
static_primary_event_fixed1_r04_a01_d025_s4330010004,4,25,fixed1,76,1232,0,True,True,True,True,0,0
static_primary_event_phasegate4to1_r04_a01_d025_s4330010004,4,25,phasegate4to1,0,763,0,True,False,True,True,0,0
static_primary_event_timegate4to1_r04_a01_d025_s4330010004,4,25,timegate4to1,34,886,0,True,True,True,True,0,0
static_primary_event_fixed1_r00_a01_d100_s4330020000,0,100,fixed1,0,356,0,True,False,True,True,0,0
static_primary_event_phasegate4to1_r00_a01_d100_s4330020000,0,100,phasegate4to1,117,1281,0,True,True,True,True,0,0
static_primary_event_timegate4to1_r00_a01_d100_s4330020000,0,100,timegate4to1,1,403,0,True,True,True,True,0,0
static_primary_event_fixed1_r01_a01_d100_s4330020001,1,100,fixed1,2,514,0,True,True,True,True,0,0
static_primary_event_phasegate4to1_r01_a01_d100_s4330020001,1,100,phasegate4to1,5,740,0,True,True,True,True,0,0
static_primary_event_timegate4to1_r01_a02_d100_s4330020001,1,100,timegate4to1,1,538,0,True,True,True,True,0,0
static_primary_event_fixed1_r02_a01_d100_s4330020002,2,100,fixed1,5,690,0,True,True,True,True,0,0
static_primary_event_phasegate4to1_r02_a01_d100_s4330020002,2,100,phasegate4to1,20,628,0,True,True,True,True,0,0
static_primary_event_timegate4to1_r02_a01_d100_s4330020002,2,100,timegate4to1,2,555,0,True,True,True,True,0,0
static_primary_event_fixed1_r03_a01_d100_s4330020003,3,100,fixed1,0,415,0,True,False,True,True,0,0
static_primary_event_phasegate4to1_r03_a01_d100_s4330020003,3,100,phasegate4to1,0,1255,0,True,False,True,True,0,0
static_primary_event_timegate4to1_r03_a01_d100_s4330020003,3,100,timegate4to1,0,519,0,True,False,True,True,0,0
static_primary_event_fixed1_r04_a01_d100_s4330020004,4,100,fixed1,126,1707,0,True,True,True,True,0,0
static_primary_event_phasegate4to1_r04_a01_d100_s4330020004,4,100,phasegate4to1,69,1210,0,True,True,True,True,0,0
static_primary_event_timegate4to1_r04_a02_d100_s4330020004,4,100,timegate4to1,66,1395,0,True,True,True,True,0,0
