relative_path,size_bytes,sha256
baseline_A/raw/requests.jsonl,8231408,8a15a332d860a58fc272d5544958baeca35a2648552a9d9e2948a97cc97d2ef1
baseline_A/raw/runs.jsonl,31518,889b026001008d3a4cc3dc2b7de37b868ccd36964210ed00fd9c94523bbc57a6
baseline_A/raw/timelines/static_baseline_A_event_llm-only_r00_a01.json,16280248,7b7275d740417c4e37ef91f5d505bb6a6a207b0f8b325057a7c95146e6f1e0c6
baseline_A/raw/timelines/static_baseline_A_event_llm-only_r01_a01.json,16280561,bffa11d5116286e5f7d3f23eeb8ac25d764ea46a0fe1fb26db57ce5f75513052
baseline_A/raw/timelines/static_baseline_A_event_llm-only_r02_a01.json,16280429,cc5f90d15c8f7462b3266ff07d5f7ed568de4b40ad5fdf69fee1bd5a4a4f62ea
baseline_A/raw/timelines/static_baseline_A_event_llm-only_r03_a01.json,16280547,1644c16899994781164a3fad23260c879b15773e32700fe0e5c04206e0771301
baseline_A/raw/timelines/static_baseline_A_event_llm-only_r04_a01.json,16280661,e578bd50c4d67182e580ccf3caed0c09e480d6bda2555530e9d7699539675d7f
midpoint/raw/requests.jsonl,5064355,5a2f78b3806a1fdee9563fc214b7779f4605cb147fd142e7caa98d51eb726ba6
midpoint/raw/runs.jsonl,18908,97cc3e5a5801bc6721c84e5cc89fe844674c56641cc66cafcea763c0e6d7df19
midpoint/raw/timelines/static_midpoint_event_llm-only_r00_a01.json,16241720,27a768d7bcc9798d9016762eec0ad22665d300b6d08bd9d89def9cad5a2d27b6
midpoint/raw/timelines/static_midpoint_event_llm-only_r01_a01.json,16242877,623e2ae32e323f8a22171ac9346f44c975967f1a270aec1d36b8dc743b9025e0
midpoint/raw/timelines/static_midpoint_event_llm-only_r02_a01.json,16243411,08ddb8984cd860c2258a306538e5ec7fb7e3c27afa513f341274f9d1217e54c5
primary/raw/orchestration_failures_pre_measurement_metal_20260822.jsonl,3568,ebf6a3c93f2767d9d32ab88329404533b8f01ecae24151bbbc46c4ce9c37f65a
primary/raw/requests.jsonl,80368029,9dd9e8fb5811b3ff0976d2b3b0e7be6cf6d9144b00eefca6018be2bad16121de
primary/raw/runs.jsonl,881906,d59583eea62e08c416db74e0cbe16caf26a3e1434dfa2b950fc3fc24849407b5
primary/raw/timelines/static_primary_event_fixed1_r00_a01_d005_s4330000000.json,22759046,27f705226df188f3cfe9aac7a2a43619e44ce4a4055163c407942a9f0a177fc1
primary/raw/timelines/static_primary_event_fixed1_r00_a01_d025_s4330010000.json,44911430,de49634c3912852814dddf75c2eab20ece20d5fde7056484cb7d4f825f1a2c52
primary/raw/timelines/static_primary_event_fixed1_r00_a01_d100_s4330020000.json,130438077,4a798a06000e76eb9ba235187a6baaa7ce91c8560133f7c8d7cfb2c332e25b63
primary/raw/timelines/static_primary_event_fixed1_r01_a01_d005_s4330000001.json,22669226,fdf2f034e023ca94569a4868aae8cce30a8da610ef55d4a47a2ab4c4af25603e
primary/raw/timelines/static_primary_event_fixed1_r01_a01_d025_s4330010001.json,44754290,7f92b0c7098692b0b0b6b220ada3db5e1d51ffd483f88f192440a164ee71b435
primary/raw/timelines/static_primary_event_fixed1_r01_a01_d100_s4330020001.json,131229858,4f344b11eaac1b855d5ec623c822c8e03e5720f1c2240a1da7641f771ac0712e
primary/raw/timelines/static_primary_event_fixed1_r02_a01_d005_s4330000002.json,22863678,2590649f4a15c46ab2309c6224255d77b9bca08e300e7f39443dfcb3e1fb6d15
primary/raw/timelines/static_primary_event_fixed1_r02_a01_d025_s4330010002.json,44948601,85d3fce1fea46da6fd44dbd528a011b4e7445a56770b0f18b680e25b6b9f738f
primary/raw/timelines/static_primary_event_fixed1_r02_a01_d100_s4330020002.json,131365795,ee1da4527367dbfec5fdca2ccefd635515a3fc53fd9d5bb14f412f864cc1b3ad
primary/raw/timelines/static_primary_event_fixed1_r02_a02_d025_s4330010002.json,45225655,8d938ba9eb17c5828eb0dafb8a28c135ced98a1cb26e78ac2b281040917620fd
primary/raw/timelines/static_primary_event_fixed1_r03_a01_d005_s4330000003.json,22820758,f611fd3cd9930e35559ae3bfcbf986018fe1b69263443d4603d96398c54a9bf1
primary/raw/timelines/static_primary_event_fixed1_r03_a01_d025_s4330010003.json,45038027,0a0c8be56047409b82d95ba5b2cd105ca0ec51add18ba3d954f888e6f45757ee
primary/raw/timelines/static_primary_event_fixed1_r03_a01_d100_s4330020003.json,131148366,2e0ca921aee7294ad95e98b21019472838d670a33171221a81c10ddb3c05f7da
primary/raw/timelines/static_primary_event_fixed1_r04_a01_d005_s4330000004.json,22757280,1c9a9e4cbd366aca1bc22d57730139c720e644a34f5fb96252e11b27a9ad5c67
primary/raw/timelines/static_primary_event_fixed1_r04_a01_d025_s4330010004.json,44919671,5932ec9fde53145b5da20d56b80ee603f1ea64d91ec787b0ecb00a107254b4df
primary/raw/timelines/static_primary_event_fixed1_r04_a01_d100_s4330020004.json,131094493,fe1a8a14738a2560e802cd66fc7da254742e383db1646bc2374ff9996d1d0bb1
primary/raw/timelines/static_primary_event_phasegate4to1_r00_a01_d005_s4330000000.json,28800077,78d648f4a60e01b7a03288aa4c3947571078f3840a2465d92447b5e98b0b6d65
primary/raw/timelines/static_primary_event_phasegate4to1_r00_a01_d025_s4330010000.json,75489442,46051d36765135dfe038d0e9c98659a08f58a5e24f6ef93c00b982ee9ed6fce4
primary/raw/timelines/static_primary_event_phasegate4to1_r00_a01_d100_s4330020000.json,252441687,4fb5d62ffbd749101eb03680154b7849651385aa16ce46b687bf2bb462f5c668
primary/raw/timelines/static_primary_event_phasegate4to1_r01_a01_d005_s4330000001.json,29619488,2350ea28d4bd94b6b3652ef36c991e9b657a63831803fb36298aed729329ec35
primary/raw/timelines/static_primary_event_phasegate4to1_r01_a01_d025_s4330010001.json,73953598,17f3482ba7141bc3f8d66e07f55ebdc97818dcfec40aab115f877d4ae59a53af
primary/raw/timelines/static_primary_event_phasegate4to1_r01_a01_d100_s4330020001.json,252562541,4f6cf282580eb6a4c3b31e3ccafe03511d958eb2c4357ffd4e29e86ebeda84a5
primary/raw/timelines/static_primary_event_phasegate4to1_r02_a01_d005_s4330000002.json,30129875,4f5aa60d5e669dcf6c7745caa783fe10c1829dc31895cab40bcbcbe79d1ab2e4
primary/raw/timelines/static_primary_event_phasegate4to1_r02_a01_d025_s4330010002.json,76839394,3307f6587ac0c74e95bbdf2a67185dd8fefc53fc9723cb0568f923151fa1a7ad
primary/raw/timelines/static_primary_event_phasegate4to1_r02_a01_d100_s4330020002.json,252259935,ed99c2f8db7cd7b23dad6329db33050129f9ba2716cdd6ba29ac6326859ee9f0
primary/raw/timelines/static_primary_event_phasegate4to1_r03_a01_d005_s4330000003.json,30007954,f673260b7f56930d0720bf27101d62e8fa5b5f4cff6deb110ce593eaa47da245
primary/raw/timelines/static_primary_event_phasegate4to1_r03_a01_d025_s4330010003.json,75273906,2ab8ece3aa38d980a035282dc632909a1eec641c47128c1289b74066d3e134fd
primary/raw/timelines/static_primary_event_phasegate4to1_r03_a01_d100_s4330020003.json,253357019,dac3d936ffec9ea149ac2798c840fa782b974de0511e505341f2f03ed4962e53
primary/raw/timelines/static_primary_event_phasegate4to1_r04_a01_d005_s4330000004.json,29366689,fb3f40b15be2fdf886f882ef9a2f8f0a96cdcc3933b7b37c39d2226b63d8c18f
primary/raw/timelines/static_primary_event_phasegate4to1_r04_a01_d025_s4330010004.json,75279038,e1889343d6d37f7064577a3a03e3c5b8ddd8ab8033f6bb6770e3aad9fe806665
primary/raw/timelines/static_primary_event_phasegate4to1_r04_a01_d100_s4330020004.json,253061791,cfdcd1b4763c899dbae3ea5dc3d4cb5d7a64fb97ab02a202fc595de58aa51593
primary/raw/timelines/static_primary_event_timegate4to1_r00_a01_d005_s4330000000.json,29456494,150279712f136b2eb74cb726918580f35da92c9fb323140d5b079e6bae654d03
primary/raw/timelines/static_primary_event_timegate4to1_r00_a01_d025_s4330010000.json,72070062,ea30664185e835ae13ecee3f9a0439e9db47c30fadcb67275e6d65c5f3469193
primary/raw/timelines/static_primary_event_timegate4to1_r00_a01_d100_s4330020000.json,252920718,ae13ca1dde335fb33c62286b30caa293c0232e8baf3fc06240cd8b3f546d0b67
primary/raw/timelines/static_primary_event_timegate4to1_r01_a01_d005_s4330000001.json,28700520,ce2df2373a10e89314b65086d7ee22f8332b1049e0a46fe26688ea7f8187b226
primary/raw/timelines/static_primary_event_timegate4to1_r01_a01_d025_s4330010001.json,73379322,35c4406896be5b7c7087e8773a70c694d83da559d1ed2d24335693ba6e447dcb
primary/raw/timelines/static_primary_event_timegate4to1_r01_a01_d100_s4330020001.json,253324581,d20ebf21549a70130889dc9583b71c73b53cf08f08ccfe8a3e4a5c78ee0a8041
primary/raw/timelines/static_primary_event_timegate4to1_r01_a02_d100_s4330020001.json,253663051,0782e8ee35f3efb59ca0d0fd122d340874301dc2b61bc8ef3627f711f54b3f17
primary/raw/timelines/static_primary_event_timegate4to1_r02_a01_d005_s4330000002.json,28791003,f7bd5cefe1e450b7abdedca73a1fb36f42c7b1214361389a805aeee4a3726017
primary/raw/timelines/static_primary_event_timegate4to1_r02_a01_d025_s4330010002.json,70320013,4c7a5dbe55cf1c0bce1adf000b1058fe81e4a48c6bb2dfaac881e22fe812988a
primary/raw/timelines/static_primary_event_timegate4to1_r02_a01_d100_s4330020002.json,254005624,f7508bea82eada685dfe58fb6cb5bce57b413ec7d9b1fbe953bee7bc6af1e6bd
primary/raw/timelines/static_primary_event_timegate4to1_r03_a01_d005_s4330000003.json,28721736,d0e519f05c8f90d0accb6bfc63ea0e84ba49c91619431a2f2457446dda21b933
primary/raw/timelines/static_primary_event_timegate4to1_r03_a01_d025_s4330010003.json,73909215,706090818fce98b3505486ed44b503812a7d4cb63721b59f30ae9f62a20a4408
primary/raw/timelines/static_primary_event_timegate4to1_r03_a01_d100_s4330020003.json,253788558,cfb3a8b86d3b454514955086db380f93b9a203f0c658f32287668e92393806e2
primary/raw/timelines/static_primary_event_timegate4to1_r04_a01_d005_s4330000004.json,29075781,d1d6c58516e85a8d81bed9f01b842c07fe94af8c337212d64ed13a96731f3004
primary/raw/timelines/static_primary_event_timegate4to1_r04_a01_d025_s4330010004.json,73809887,a8c9a14b182cca21f9bf5732e0b509d704df61bc4f896e30016570a1e79766a3
primary/raw/timelines/static_primary_event_timegate4to1_r04_a01_d100_s4330020004.json,253709235,a319ab57db29df5c318b3e3991e3f7ae26e9dc6072c7c5237c2ae928e43ec811
primary/raw/timelines/static_primary_event_timegate4to1_r04_a02_d100_s4330020004.json,253760213,edff513b300459d8d720f80bc65632c9df6676b30f61cecf9043e88b0f19b223
