policy,family,prefill_cap,decode_cap,valid_repeats,median_retrieval_qps,median_normalized_p95_tpot,median_normalized_p95_ttft,max_normalized_p95_tpot,max_normalized_p95_ttft
fixed0,fixed,0,0,3,0.0,1.0090316006032234,0.9786510057043729,1.0209239860491062,0.9797854295200299
fixed1,fixed,1,1,3,783.5520828405087,1.2346157549705161,1.0078722588917062,1.2470664459197383,1.008446952583734
fixed2,fixed,2,2,3,1378.5596736506102,1.3254141688987098,1.0156083823744955,1.3933122865425798,1.015760421074639
fixed4,fixed,4,4,3,2136.477482721622,1.6673340351737977,1.071536375950142,1.6896260393726232,1.0739739343526928
phasegate2to0,phasegate,2,0,3,793.0516231573614,1.2605142705203807,1.0013794808254324,1.265299634933467,1.002170959556715
phasegate2to1,phasegate,2,1,3,1145.5632908056946,1.2184472094949872,1.0150124485882692,1.2249710411243362,1.016123042525933
phasegate4to0,phasegate,4,0,3,1218.4268833068131,1.2566950820292642,1.0262157356668604,1.2709135130761358,1.027329459565633
phasegate4to1,phasegate,4,1,3,1572.9697029694257,1.1723856491778992,1.0380630391904573,1.1765282531781034,1.0417892219059348
phasegate4to2,phasegate,4,2,3,1789.3939860877929,1.3518231435091892,1.053129506279299,1.3844009361828085,1.0541926666944772
