policy,repeat,phase,cap,wall_time_s,fraction_within_phase
timegate4to1,0,DECODE,1,351.8208742013667,0.7544266381770585
timegate4to1,0,DECODE,4,114.52118796584546,0.24557336182294148
timegate4to1,0,IDLE,1,0.9696206290391274,0.6085522660757876
timegate4to1,0,IDLE,4,0.6237028751056641,0.39144773392421245
timegate4to1,0,PREFILL,1,97.4081088368257,0.21257365167969391
timegate4to1,0,PREFILL,4,360.82417003280716,0.7874263483203061
phasegate4to1,0,DECODE,1,435.12355816477793,0.9999687928954749
phasegate4to1,0,DECODE,4,0.013579370133811608,3.1207104525115635e-05
phasegate4to1,0,IDLE,1,0.013577332108980045,0.006654329163004601
phasegate4to1,0,IDLE,4,2.026798455801327,0.9933456708369954
phasegate4to1,0,PREFILL,4,462.46268255217,1.0
fixed1,0,DECODE,1,430.3018301521952,1.0
fixed1,0,IDLE,1,1.447713005967671,1.0
fixed1,0,PREFILL,1,447.0366432588489,1.0
phasegate4to1,1,DECODE,1,435.9516545337683,0.9999698433909783
phasegate4to1,1,DECODE,4,0.013147220073733479,3.0156609021745677e-05
phasegate4to1,1,IDLE,1,0.01362096518278122,0.006639933268899918
phasegate4to1,1,IDLE,4,2.0377498289453797,0.9933600667311001
phasegate4to1,1,PREFILL,4,465.80522836802993,1.0
fixed1,1,DECODE,1,430.5946431637276,1.0
fixed1,1,IDLE,1,1.4262882551120128,1.0
fixed1,1,PREFILL,1,447.37357970615267,1.0
timegate4to1,1,DECODE,1,368.0164990540361,0.7995333602041075
timegate4to1,1,DECODE,4,92.27261128413375,0.20046663979589258
timegate4to1,1,IDLE,1,0.9268060699687339,0.5833259004320672
timegate4to1,1,IDLE,4,0.6620245807571337,0.41667409956793283
timegate4to1,1,PREFILL,1,78.96342005493352,0.17186252145728056
timegate4to1,1,PREFILL,4,380.49347249718267,0.8281374785427195
timegate4to1,2,DECODE,1,376.69182775131776,0.8247754760816747
timegate4to1,2,DECODE,4,80.02862366280169,0.17522452391832527
timegate4to1,2,IDLE,1,1.0180732069420628,0.6505158449174169
timegate4to1,2,IDLE,4,0.5469512500276323,0.34948415508258307
timegate4to1,2,PREFILL,1,68.47821499992278,0.14916678967420338
timegate4to1,2,PREFILL,4,390.59323883699835,0.8508332103257966
phasegate4to1,2,DECODE,1,434.6751492120384,0.9999686382059665
phasegate4to1,2,DECODE,4,0.013632620044518262,3.136179403356318e-05
phasegate4to1,2,IDLE,1,0.013595298049040139,0.006612559338607921
phasegate4to1,2,IDLE,4,2.042385957145598,0.9933874406613921
phasegate4to1,2,PREFILL,4,462.33230195372016,1.0
fixed1,2,DECODE,1,430.44379282798036,1.0
fixed1,2,IDLE,1,1.4371111761138309,1.0
fixed1,2,PREFILL,1,446.95361282891827,1.0
timegate4to1,3,DECODE,1,401.2843782187265,0.8979863128661325
timegate4to1,3,DECODE,4,45.586996622092556,0.10201368713386753
timegate4to1,3,IDLE,1,1.25591971114045,0.8470791709441671
timegate4to1,3,IDLE,4,0.22672766612959094,0.1529208290558329
timegate4to1,3,PREFILL,1,39.0486847400025,0.08492558855649746
timegate4to1,3,PREFILL,4,420.7501274168899,0.9150744114435025
phasegate4to1,3,DECODE,1,434.7849495819828,0.9999686116469065
phasegate4to1,3,DECODE,4,0.013647611893247813,3.1388353093426295e-05
phasegate4to1,3,IDLE,1,0.013776997104287148,0.00669079882161039
phasegate4to1,3,IDLE,4,2.0453190049738623,0.9933092011783896
phasegate4to1,3,PREFILL,4,461.5477898870595,1.0
fixed1,3,DECODE,1,430.5427457089827,1.0
fixed1,3,IDLE,1,1.430034206918208,1.0
fixed1,3,PREFILL,1,446.92956754309125,1.0
fixed1,4,DECODE,1,430.95805321109947,1.0
fixed1,4,IDLE,1,1.4375948328815866,1.0
fixed1,4,PREFILL,1,447.78687299700687,1.0
phasegate4to1,4,DECODE,1,435.845924166817,0.9999693414212258
phasegate4to1,4,DECODE,4,0.013362826284719631,3.065857877414259e-05
phasegate4to1,4,IDLE,1,0.013728206977248192,0.00660032285228897
phasegate4to1,4,IDLE,4,2.066201409266796,0.993399677147711
phasegate4to1,4,PREFILL,4,464.2777100156527,1.0
timegate4to1,4,DECODE,1,357.84118929185206,0.7689087656224705
timegate4to1,4,DECODE,4,107.54717053801869,0.2310912343775295
timegate4to1,4,IDLE,1,0.9638214560982306,0.6041994536501469
timegate4to1,4,IDLE,4,0.6313826611440163,0.395800546349853
timegate4to1,4,PREFILL,1,91.51776011520997,0.19955076717660927
timegate4to1,4,PREFILL,4,367.1011738536763,0.8004492328233908
phasegate4to1,5,DECODE,1,434.930122673366,0.9999684987066114
phasegate4to1,5,DECODE,4,0.013701293006306514,3.150129338855914e-05
phasegate4to1,5,IDLE,1,0.013407199818175286,0.006510877274228569
phasegate4to1,5,IDLE,4,2.0457930052361917,0.9934891227257714
phasegate4to1,5,PREFILL,4,463.59200274557224,1.0
fixed1,5,DECODE,1,430.0540441220801,1.0
fixed1,5,IDLE,1,1.4488997946027666,1.0
fixed1,5,PREFILL,1,447.24542079132516,1.0
timegate4to1,5,DECODE,1,356.1640248419135,0.7654161295310992
timegate4to1,5,DECODE,4,109.15674787305761,0.2345838704689008
timegate4to1,5,IDLE,1,0.8981709498912096,0.5634719950727642
timegate4to1,5,IDLE,4,0.6958229978918098,0.4365280049272357
timegate4to1,5,PREFILL,1,93.1459134601464,0.20296338977907205
timegate4to1,5,PREFILL,4,365.78371696008253,0.797036610220928
fixed1,6,DECODE,1,430.35397574474337,1.0
fixed1,6,IDLE,1,1.411794792249566,1.0
fixed1,6,PREFILL,1,447.4725078380143,1.0
timegate4to1,6,DECODE,1,351.45932766835904,0.7501432208541257
timegate4to1,6,DECODE,4,117.06363954339758,0.2498567791458743
timegate4to1,6,IDLE,1,0.9154895803658292,0.5764877136778773
timegate4to1,6,IDLE,4,0.6725574129086453,0.42351228632212273
timegate4to1,6,PREFILL,1,99.53610250883503,0.21631990989722566
timegate4to1,6,PREFILL,4,360.59769911915646,0.7836800901027743
phasegate4to1,6,DECODE,1,435.7711770008609,0.9999698338135303
phasegate4to1,6,DECODE,4,0.013145951146725565,3.0166186469661762e-05
phasegate4to1,6,IDLE,1,0.013409036007942632,0.006546261982799089
phasegate4to1,6,IDLE,4,2.0349410060734954,0.9934537380172009
phasegate4to1,6,PREFILL,4,467.28653588090674,1.0
