output_tokens,repeat,fixed_qps,phasegate_qps,paired_qps_gain,fixed_prefill_fraction,phasegate_prefill_fraction,fixed_joint_slo_1_25,phasegate_joint_slo_1_25
64,0,811.5163454271019,1867.6921838064602,1.3014843685292523,0.6749753243172325,0.6910222884060281,True,True
64,1,812.3933304962434,1870.6547470861678,1.3026466083165587,0.6751123152254689,0.6915126477821012,True,True
64,2,809.7802781688683,1872.1381617849966,1.3119088131145968,0.6749757945671474,0.6907565423650975,True,True
64,3,810.3238264860694,1869.4675596903733,1.3070623108754313,0.6749390209066806,0.6901896196453918,True,True
64,4,811.0106665997895,1868.4721341932507,1.3038810846063607,0.675076161343587,0.6899671486491196,True,True
128,0,782.2909776926954,1577.0312285550838,1.0159138652044937,0.509018808159042,0.5173172144848386,True,True
128,1,780.0738599121416,1570.834223694024,1.0136993487654418,0.50918009524563,0.5161893493233356,True,True
128,2,781.5471152405481,1574.7616950024217,1.0149286770993124,0.509420572466718,0.515911984351998,True,True
128,3,782.0693094721449,1572.7889691498858,1.0110608485729156,0.5093963156245147,0.5160496176637327,True,True
128,4,782.3411618256964,1573.290547599112,1.011003158682883,0.5097247260488524,0.5160352794154066,True,True
512,0,725.9951761682491,1043.175318059972,0.43689015065606496,0.20463473195597043,0.2068969788381592,True,True
512,1,727.5626064110508,1042.5162978752592,0.43288878330048375,0.20468777241760713,0.2069830102740001,True,True
512,2,726.8041544664704,1041.0247608742739,0.432331879883743,0.2045231922373391,0.20652029099504968,True,True
512,3,726.013300958494,1039.7705921638715,0.432164659781233,0.20402683199981814,0.20640179036667963,True,True
512,4,725.3411452148395,1039.866669557591,0.43362426965258116,0.20412044789378242,0.20632779577462845,True,True
