output_tokens,policy,repeat,run_key,retrieval_qps,normalized_p95_tpot,normalized_p95_ttft,joint_slo_1_25,completed_queries_prefill,completed_queries_decode,pageouts_delta,swap_used_delta_bytes,aggregate_prefill_wall_s,aggregate_decode_wall_s,aggregate_prefill_fraction,median_request_prefill_fraction
64,fixed1,0,static_m4_output_64_event_fixed1_r00_a01,811.5163454271019,1.0852036599598445,1.0089984714875353,True,156384,59824,0,0,179.66090321098454,86.51312825115747,0.6749753243172325,0.6751909353186456
64,phasegate4to1,0,static_m4_output_64_event_phasegate4to1_r00_a01,1867.6921838064602,1.1141847254088122,1.1130547834674915,True,466448,64016,0,0,195.99093191808788,87.63368512599845,0.6910222884060281,0.6930011905682504
64,phasegate4to1,1,static_m4_output_64_event_phasegate4to1_r01_a01,1870.6547470861678,1.109478072506341,1.1131788945504792,True,468512,64048,0,0,196.56217295318493,87.68739729491062,0.6915126477821012,0.6930250661516508
64,fixed1,1,static_m4_output_64_event_fixed1_r01_a01,812.3933304962434,1.0841020181266416,1.0091085181539756,True,156752,59744,0,0,179.7267863342131,86.49082261903095,0.6751123152254689,0.6753025796474144
64,phasegate4to1,2,static_m4_output_64_event_phasegate4to1_r02_a01,1872.1381617849966,1.107133211036043,1.1107194775514828,True,467088,64048,0,0,195.66177970098215,87.59544292488135,0.6907565423650975,0.692604852492966
64,fixed1,2,static_m4_output_64_event_fixed1_r02_a01,809.7802781688683,1.0811114000995246,1.0100184971958523,True,156240,59520,0,0,179.68130003794795,86.52276458806591,0.6749757945671474,0.6751873827637929
64,fixed1,3,static_m4_output_64_event_fixed1_r03_a01,810.3238264860694,1.0848826339210134,1.0087272480330216,True,156160,59584,0,0,179.54458550090203,86.47142474504653,0.6749390209066806,0.6753347715089406
64,phasegate4to1,3,static_m4_output_64_event_phasegate4to1_r03_a01,1869.4675596903733,1.1058335046348517,1.108752411383966,True,465504,64016,3,0,195.19332479703007,87.61783208086854,0.6901896196453918,0.6920164384586389
64,fixed1,4,static_m4_output_64_event_fixed1_r04_a01,811.0106665997895,1.090387837411125,1.008752276156658,True,156496,59520,0,0,179.65050221190904,86.46836333113606,0.675076161343587,0.6754242055612001
64,phasegate4to1,4,static_m4_output_64_event_phasegate4to1_r04_a01,1868.4721341932507,1.1096150230888,1.1075186326156334,True,465152,64128,0,0,195.14013978882576,87.6851225021237,0.6899671486491196,0.6918361243260859
128,phasegate4to1,0,static_m4_output_128_event_phasegate4to1_r00_a01,1577.0312285550838,1.0424618367823082,1.0687037669685542,True,446560,123920,1,0,186.8893532139773,174.3770960382244,0.5173172144848386,0.518371955668806
128,fixed1,0,static_m4_output_128_event_fixed1_r00_a01,782.2909776926954,1.0963639361483724,1.016562946752152,True,156176,119088,14,0,178.84255242397194,172.5050786602078,0.509018808159042,0.5097710896542047
128,fixed1,1,static_m4_output_128_event_fixed1_r01_a01,780.0738599121416,1.1004779755032807,1.0182697839197057,True,155616,118880,12,0,178.91437104230863,172.46301529483753,0.50918009524563,0.5099854033441783
128,phasegate4to1,1,static_m4_output_128_event_phasegate4to1_r01_a01,1570.834223694024,1.0726078940528356,1.0648081882556757,True,443472,124256,0,0,186.26206712590647,174.57851854304317,0.5161893493233356,0.5172350117813029
128,fixed1,2,static_m4_output_128_event_fixed1_r02_a01,781.5471152405481,1.050396897050454,1.016804473351652,True,156048,118784,1,0,178.8847196281422,172.26858924186672,0.509420572466718,0.5098691604331866
128,phasegate4to1,2,static_m4_output_128_event_phasegate4to1_r02_a01,1574.7616950024217,1.0445074534493073,1.062167029349335,True,443936,124496,0,0,185.90293599883444,174.43553575102123,0.515911984351998,0.5168131724732374
128,fixed1,3,static_m4_output_128_event_fixed1_r03_a01,782.0693094721449,1.0289422656863287,1.0172469988613062,True,156064,118848,0,0,178.81177394697443,172.21505617006915,0.5093963156245147,0.5099167162100207
128,phasegate4to1,3,static_m4_output_128_event_phasegate4to1_r03_a01,1572.7889691498858,1.0331632454767399,1.0612355403416154,True,442544,124400,2,0,185.6860703349521,174.13605524977902,0.5160496176637327,0.5169079636742868
128,fixed1,4,static_m4_output_128_event_fixed1_r04_a01,782.3411618256964,1.0247917574200862,1.0187555562802089,True,156000,118800,13,0,178.79588067004806,171.97360633520293,0.5097247260488524,0.5100179658103405
128,phasegate4to1,4,static_m4_output_128_event_phasegate4to1_r04_a01,1573.290547599112,1.0473242592314937,1.0623902581455664,True,442960,124112,9,0,185.71811650891323,174.17610762108234,0.5160352794154066,0.5169905216877164
512,phasegate4to1,0,static_m4_output_512_event_phasegate4to1_r00_a01,1043.175318059972,0.8561793071511588,1.0335077341934054,True,433984,485520,56,0,182.23961228696862,698.5833620761405,0.2068969788381592,0.20704897731317212
512,fixed1,0,static_m4_output_512_event_fixed1_r00_a01,725.9951761682491,0.8539778438924863,1.0113791102287426,True,155840,480064,0,0,179.12319724605186,696.2081579639344,0.20463473195597043,0.20481848819249981
512,fixed1,1,static_m4_output_512_event_fixed1_r01_a01,727.5626064110508,0.8527115195196152,1.0103539337953458,True,156272,480256,19,0,178.95976566788158,695.3463228402543,0.20468777241760713,0.204890837496702
512,phasegate4to1,1,static_m4_output_512_event_phasegate4to1_r01_a01,1042.5162978752592,0.8532593557103679,1.0325276189070742,True,433392,485584,13,0,182.3220692850009,698.5331711699837,0.2069830102740001,0.20711161542112919
512,fixed1,2,static_m4_output_512_event_fixed1_r02_a01,726.8041544664704,0.8499613782909073,1.009853656694766,True,156048,479792,10,0,178.8276469541015,695.5360132149654,0.2045231922373391,0.2046810898649845
512,phasegate4to1,2,static_m4_output_512_event_phasegate4to1_r02_a01,1041.0247608742739,0.8562737098610118,1.0321596040756533,True,434208,485104,138,0,182.22909578908002,700.1495552919805,0.20652029099504968,0.20668995860917216
512,fixed1,3,static_m4_output_512_event_fixed1_r03_a01,726.013300958494,0.8541479035729076,1.0084878559780426,True,155248,480656,123,0,178.58371636801166,696.7115309167712,0.20402683199981814,0.20425281028845865
512,phasegate4to1,3,static_m4_output_512_event_phasegate4to1_r03_a01,1039.7705921638715,0.8533698172551021,1.0329032395498479,True,433424,485520,197,0,182.28377746409387,700.8663984150044,0.20640179036667963,0.20658223690296879
512,phasegate4to1,4,static_m4_output_512_event_phasegate4to1_r04_a01,1039.866669557591,0.8537744547290065,1.0324106098498569,True,433680,485488,14,0,182.25570324680302,701.0751274953655,0.20632779577462845,0.20649043581020732
512,fixed1,4,static_m4_output_512_event_fixed1_r04_a01,725.3411452148395,0.8537504954221019,1.008913882720295,True,154960,480176,8,0,178.61716933295247,696.4405290799914,0.20412044789378242,0.2043158305426111
