output_tokens,policy,repeat,aggregate_prefill_wall_s,aggregate_decode_wall_s,aggregate_prefill_fraction,median_request_prefill_fraction,completed_queries_prefill,completed_queries_decode
64,fixed1,0,179.66090321098454,86.51312825115747,0.6749753243172325,0.6751909353186456,156384,59824
64,phasegate4to1,0,195.99093191808788,87.63368512599845,0.6910222884060281,0.6930011905682504,466448,64016
64,phasegate4to1,1,196.56217295318493,87.68739729491062,0.6915126477821012,0.6930250661516508,468512,64048
64,fixed1,1,179.7267863342131,86.49082261903095,0.6751123152254689,0.6753025796474144,156752,59744
64,phasegate4to1,2,195.66177970098215,87.59544292488135,0.6907565423650975,0.692604852492966,467088,64048
64,fixed1,2,179.68130003794795,86.52276458806591,0.6749757945671474,0.6751873827637929,156240,59520
64,fixed1,3,179.54458550090203,86.47142474504653,0.6749390209066806,0.6753347715089406,156160,59584
64,phasegate4to1,3,195.19332479703007,87.61783208086854,0.6901896196453918,0.6920164384586389,465504,64016
64,fixed1,4,179.65050221190904,86.46836333113606,0.675076161343587,0.6754242055612001,156496,59520
64,phasegate4to1,4,195.14013978882576,87.6851225021237,0.6899671486491196,0.6918361243260859,465152,64128
128,phasegate4to1,0,186.8893532139773,174.3770960382244,0.5173172144848386,0.518371955668806,446560,123920
128,fixed1,0,178.84255242397194,172.5050786602078,0.509018808159042,0.5097710896542047,156176,119088
128,fixed1,1,178.91437104230863,172.46301529483753,0.50918009524563,0.5099854033441783,155616,118880
128,phasegate4to1,1,186.26206712590647,174.57851854304317,0.5161893493233356,0.5172350117813029,443472,124256
128,fixed1,2,178.8847196281422,172.26858924186672,0.509420572466718,0.5098691604331866,156048,118784
128,phasegate4to1,2,185.90293599883444,174.43553575102123,0.515911984351998,0.5168131724732374,443936,124496
128,fixed1,3,178.81177394697443,172.21505617006915,0.5093963156245147,0.5099167162100207,156064,118848
128,phasegate4to1,3,185.6860703349521,174.13605524977902,0.5160496176637327,0.5169079636742868,442544,124400
128,fixed1,4,178.79588067004806,171.97360633520293,0.5097247260488524,0.5100179658103405,156000,118800
128,phasegate4to1,4,185.71811650891323,174.17610762108234,0.5160352794154066,0.5169905216877164,442960,124112
512,phasegate4to1,0,182.23961228696862,698.5833620761405,0.2068969788381592,0.20704897731317212,433984,485520
512,fixed1,0,179.12319724605186,696.2081579639344,0.20463473195597043,0.20481848819249981,155840,480064
512,fixed1,1,178.95976566788158,695.3463228402543,0.20468777241760713,0.204890837496702,156272,480256
512,phasegate4to1,1,182.3220692850009,698.5331711699837,0.2069830102740001,0.20711161542112919,433392,485584
512,fixed1,2,178.8276469541015,695.5360132149654,0.2045231922373391,0.2046810898649845,156048,479792
512,phasegate4to1,2,182.22909578908002,700.1495552919805,0.20652029099504968,0.20668995860917216,434208,485104
512,fixed1,3,178.58371636801166,696.7115309167712,0.20402683199981814,0.20425281028845865,155248,480656
512,phasegate4to1,3,182.28377746409387,700.8663984150044,0.20640179036667963,0.20658223690296879,433424,485520
512,phasegate4to1,4,182.25570324680302,701.0751274953655,0.20632779577462845,0.20649043581020732,433680,485488
512,fixed1,4,178.61716933295247,696.4405290799914,0.20412044789378242,0.2043158305426111,154960,480176
