policy,concurrency,context,slo_multiplier,runs,contaminated_runs,request_throughput_s,request_throughput_s_min,request_throughput_s_max,retrieval_qps,retrieval_qps_min,retrieval_qps_max,p95_request_ms,p95_request_ms_min,p95_request_ms_max,p95_tpot_ms,p95_tpot_ms_min,p95_tpot_ms_max,token_slo_violation_rate,token_slo_violation_rate_min,token_slo_violation_rate_max,request_slo_violation_rate,request_slo_violation_rate_min,request_slo_violation_rate_max,scheduler_overhead_ms,scheduler_overhead_ms_min,scheduler_overhead_ms_max
bandwidth_only,2,2048,1.15,1,1,0.14746671855155744,0.14746671855155744,0.14746671855155744,604.0236791871793,604.0236791871793,604.0236791871793,14713.48818729166,14713.48818729166,14713.48818729166,16.488544072490185,16.488544072490185,16.488544072490185,0.09580052493438321,0.09580052493438321,0.09580052493438321,0.6666666666666666,0.6666666666666666,0.6666666666666666,0.5737103056162596,0.5737103056162596,0.5737103056162596
bandwidth_only,4,2048,1.15,3,3,0.16369752493912626,0.16353180511771317,0.16613681252892823,670.5050621506612,669.8262737621532,680.49638411849,26854.351204069095,26514.670839387687,26933.05555863189,15.238594234688208,15.188781457254663,17.328656220342964,0.01673228346456693,0.012795275590551181,0.1466535433070866,0.125,0.0,0.375,0.8871654281392694,0.8807504782453179,1.0995827615261078
phaseguard,2,2048,1.15,1,1,0.14635122893607966,0.14635122893607966,0.14635122893607966,599.4546337221823,599.4546337221823,599.4546337221823,15117.001573031303,15117.001573031303,15117.001573031303,15.498443675460292,15.498443675460292,15.498443675460292,0.027559055118110236,0.027559055118110236,0.027559055118110236,0.0,0.0,0.0,1.0582078248262405,1.0582078248262405,1.0582078248262405
phaseguard,4,2048,1.05,1,1,0.15843450796764139,0.15843450796764139,0.15843450796764139,648.9477446354591,648.9477446354591,648.9477446354591,27764.991339197146,27764.991339197146,27764.991339197146,15.310572984162718,15.310572984162718,15.310572984162718,0.12598425196850394,0.12598425196850394,0.12598425196850394,0.5,0.5,0.5,1.0972089366987348,1.0972089366987348,1.0972089366987348
phaseguard,4,2048,1.1,1,1,0.15712924798259015,0.15712924798259015,0.15712924798259015,643.6013997366892,643.6013997366892,643.6013997366892,27897.244368604148,27897.244368604148,27897.244368604148,15.585385757731274,15.585385757731274,15.585385757731274,0.0688976377952756,0.0688976377952756,0.0688976377952756,0.25,0.25,0.25,1.593167893588543,1.593167893588543,1.593167893588543
phaseguard,4,2048,1.15,3,3,0.1645329471348577,0.16199409670706433,0.20210175999131758,673.9269514643771,663.5278201121355,827.8088089244368,26756.346535158806,21811.14607675699,27125.045889726603,15.273541765054688,15.224020462483168,16.264208796201274,0.018700787401574805,0.011811023622047244,0.058070866141732284,0.125,0.125,0.375,1.3098320923745632,1.0851641418412328,1.5397481620311737
phaseguard,4,2048,1.2,1,1,0.15655125478399531,0.15655125478399531,0.15655125478399531,641.2339395952448,641.2339395952448,641.2339395952448,27942.71178761846,27942.71178761846,27942.71178761846,15.529302501818165,15.529302501818165,15.529302501818165,0.011811023622047244,0.011811023622047244,0.011811023622047244,0.0,0.0,0.0,1.3813351979479194,1.3813351979479194,1.3813351979479194
serialized,2,2048,1.15,1,1,0.13612471763192951,0.13612471763192951,0.13612471763192951,557.5668434203833,557.5668434203833,557.5668434203833,15224.212229193654,15224.212229193654,15224.212229193654,14.35038569034077,14.35038569034077,14.35038569034077,0.010498687664041995,0.010498687664041995,0.010498687664041995,0.0,0.0,0.0,0.7426689844578505,0.7426689844578505,0.7426689844578505
serialized,4,2048,1.15,3,3,0.15900189462430867,0.15369307197572393,0.16699165954480194,651.2717603811683,629.5268228125652,683.9978374955087,25470.399545494,23955.471364228288,29110.268832906146,14.193750248523429,13.92060425132513,14.367749769007787,0.007874015748031496,0.006889763779527559,0.008858267716535433,0.0,0.0,0.0,0.8443761616945267,0.8012071484699845,1.1418787762522697
static-0,2,2048,1.15,1,1,0.16510345757230935,0.16510345757230935,0.16510345757230935,676.2637622161791,676.2637622161791,676.2637622161791,13222.197738941759,13222.197738941759,13222.197738941759,14.514841377967967,14.514841377967967,14.514841377967967,0.003937007874015748,0.003937007874015748,0.003937007874015748,0.0,0.0,0.0,0.4887511022388935,0.4887511022388935,0.4887511022388935
static-0,4,2048,1.15,3,3,0.17399611890126826,0.1634813254244442,0.2074261128253826,712.6881030195948,669.6195089385235,849.6173581327671,25356.542572658505,21046.301350591235,26483.06948287063,14.449489477556199,14.01602101395838,14.508865046082065,0.005905511811023622,0.000984251968503937,0.010826771653543307,0.0,0.0,0.0,0.7739139255136251,0.7262089056894183,0.8298365864902735
static-1,4,2048,1.15,3,3,0.1643531955615983,0.16097618790953655,0.17193082173172625,673.1906890203066,659.3584656774617,704.2286458131507,26729.236389708236,25474.73926018574,27271.258341497738,15.336083975853398,15.137302310904488,15.771238977322355,0.02066929133858268,0.011811023622047244,0.03346456692913386,0.125,0.0,0.25,0.8477511582896113,0.8448758162558079,0.98912522662431
static-2,4,2048,1.15,1,1,0.1787498419286718,0.1787498419286718,0.1787498419286718,732.1593525398397,732.1593525398397,732.1593525398397,24320.798054063922,24320.798054063922,24320.798054063922,15.03737480379641,15.03737480379641,15.03737480379641,0.011811023622047244,0.011811023622047244,0.011811023622047244,0.0,0.0,0.0,0.8129548514261842,0.8129548514261842,0.8129548514261842
static-4,4,2048,1.15,1,1,0.16097659617839416,0.16097659617839416,0.16097659617839416,659.3601379467025,659.3601379467025,659.3601379467025,26931.86894332757,26931.86894332757,26931.86894332757,15.344739513238892,15.344739513238892,15.344739513238892,0.02066929133858268,0.02066929133858268,0.02066929133858268,0.0,0.0,0.0,0.7934191962704062,0.7934191962704062,0.7934191962704062
uncoordinated,2,2048,1.15,1,1,0.16088663030658368,0.16088663030658368,0.16088663030658368,658.9916377357667,658.9916377357667,658.9916377357667,13284.66979204677,13284.66979204677,13284.66979204677,16.025222575990476,16.025222575990476,16.025222575990476,0.048556430446194225,0.048556430446194225,0.048556430446194225,0.5,0.5,0.5,0.4953310126438737,0.4953310126438737,0.4953310126438737
uncoordinated,4,2048,1.15,3,3,0.16369091293533206,0.15793174703213805,0.18269405430903402,670.4779793831201,646.8884358436375,748.3148464498033,26860.22698577144,24799.99911471968,27797.61473968974,15.269031282514334,15.104437567060813,16.438041435321793,0.018700787401574805,0.017716535433070866,0.08956692913385826,0.0,0.0,0.375,0.799328088760376,0.7779200095683336,0.9957923321053386
oracle-best-observed,2,2048,1.15,5,5,0.16510345757230935,0.16510345757230935,0.16510345757230935,676.2637622161791,676.2637622161791,676.2637622161791,13222.197738941759,13222.197738941759,13222.197738941759,14.514841377967967,14.514841377967967,14.514841377967967,0.003937007874015748,0.003937007874015748,0.003937007874015748,0.0,0.0,0.0,0.4887511022388935,0.4887511022388935,0.4887511022388935
oracle-best-observed,4,2048,1.05,1,1,0.15843450796764139,0.15843450796764139,0.15843450796764139,648.9477446354591,648.9477446354591,648.9477446354591,27764.991339197146,27764.991339197146,27764.991339197146,15.310572984162718,15.310572984162718,15.310572984162718,0.12598425196850394,0.12598425196850394,0.12598425196850394,0.5,0.5,0.5,1.0972089366987348,1.0972089366987348,1.0972089366987348
oracle-best-observed,4,2048,1.1,1,1,0.15712924798259015,0.15712924798259015,0.15712924798259015,643.6013997366892,643.6013997366892,643.6013997366892,27897.244368604148,27897.244368604148,27897.244368604148,15.585385757731274,15.585385757731274,15.585385757731274,0.0688976377952756,0.0688976377952756,0.0688976377952756,0.25,0.25,0.25,1.593167893588543,1.593167893588543,1.593167893588543
oracle-best-observed,4,2048,1.15,20,20,0.2074261128253826,0.2074261128253826,0.2074261128253826,849.6173581327671,849.6173581327671,849.6173581327671,21046.301350591235,21046.301350591235,21046.301350591235,14.01602101395838,14.01602101395838,14.01602101395838,0.000984251968503937,0.000984251968503937,0.000984251968503937,0.0,0.0,0.0,0.7262089056894183,0.7262089056894183,0.7262089056894183
oracle-best-observed,4,2048,1.2,1,1,0.15655125478399531,0.15655125478399531,0.15655125478399531,641.2339395952448,641.2339395952448,641.2339395952448,27942.71178761846,27942.71178761846,27942.71178761846,15.529302501818165,15.529302501818165,15.529302501818165,0.011811023622047244,0.011811023622047244,0.011811023622047244,0.0,0.0,0.0,1.3813351979479194,1.3813351979479194,1.3813351979479194
