baseline_set,repeat,attempt,run_key,status,p95_tpot_ms,median_p95_tpot_ms,p95_tpot_deviation,p95_ttft_ms,median_p95_ttft_ms,p95_ttft_deviation,within_3_percent_joint,tpot_within_block_drift_ratio,ttft_within_block_drift_ratio,sentinel_before_deviation,sentinel_after_deviation,pageouts_delta,swap_used_delta_bytes,memory_pressure_clean
isolated_baseline,0,1,static_isolated_baseline_llm-only_r00_a01,valid,15.711761579696029,14.88882760850174,0.05527191212318017,1766.3366996992409,1806.3168437503919,-0.022133516713569223,False,1.012245772345303,1.0081899425867489,3.6741530653694454e-05,-0.001268410052724822,0,0,True
isolated_baseline,1,1,static_isolated_baseline_llm-only_r01_a01,valid,14.88882760850174,14.88882760850174,0.0,1794.9362854506035,1806.3168437503919,-0.006300421954854474,True,0.9991540910659483,1.0072936925977258,-0.0034790963931052854,0.00014073658051372284,0,0,True
isolated_baseline,2,1,static_isolated_baseline_llm-only_r02_a01,valid,14.80525579461755,14.88882760850174,-0.005613055378280496,1806.9184583004244,1806.3168437503919,0.00033306147374645434,True,1.005601789301045,1.0016031122888982,-0.0004431178623499621,-7.348167101084435e-05,0,0,True
isolated_baseline,3,1,static_isolated_baseline_llm-only_r03_a01,valid,14.76292139457655,14.88882760850174,-0.008456422307777767,1806.3168437503919,1806.3168437503919,0.0,True,1.0099178484664824,1.0010357945098163,-0.0006047180296289145,-2.942256210891614e-05,0,0,True
isolated_baseline,4,1,static_isolated_baseline_llm-only_r04_a01,valid,15.952744368623819,14.88882760850174,0.07145738993677142,1808.1649899486365,1806.3168437503919,0.0010231572631562713,False,1.0078998974994449,1.000158506921986,-0.0006516181593829717,6.17919179797255e-05,0,0,True
isolated_baseline_revalidation,0,1,static_isolated_baseline_revalidation_llm-only_r00_a01,valid,15.617890621397231,15.353314110470816,0.01723253422829263,1817.4860537983477,1806.1798357495718,0.006259741042942135,True,1.0109375744542388,0.991295292689251,3.6067069077994063e-06,-0.00019405640445457895,0,0,True
isolated_baseline_revalidation,1,1,static_isolated_baseline_revalidation_llm-only_r01_a01,valid,15.321666286617983,15.353314110470816,-0.0020613024409661396,1803.4828151023248,1806.1798357495718,-0.0014932182243788672,True,0.99726545576895,1.0030017060550152,-0.0004827755978027426,0.00011719476066773815,0,0,True
isolated_baseline_revalidation,2,1,static_isolated_baseline_revalidation_llm-only_r02_a01,valid,13.34033756986173,15.353314110470816,-0.13111022976050857,1805.9529207985179,1806.1798357495718,-0.00012563253479114245,False,0.998645107036133,1.0007399775648362,-0.0004518704642263449,-8.328630771303747e-05,0,0,True
isolated_baseline_revalidation,3,1,static_isolated_baseline_revalidation_llm-only_r03_a01,valid,15.353314110470816,15.353314110470816,0.0,1806.1798357495718,1806.1798357495718,0.0,True,1.0016697075658199,1.001505304105808,-0.0005766841472217843,8.002749745861237e-05,0,0,True
isolated_baseline_revalidation,4,1,static_isolated_baseline_revalidation_llm-only_r04_a01,valid,15.634920666889226,15.353314110470816,0.018341743964344293,1808.2413857497158,1806.1798357495718,0.0011413868981038355,True,0.999933626922497,1.0013980521056505,-0.0004950791479597649,-0.00019300130552435402,0,0,True
