policy,policy_arg,prefill_cap,decode_cap,valid_repeats,median_normalized_p95_tpot,max_normalized_p95_tpot,median_normalized_p95_ttft,max_normalized_p95_ttft,median_retrieval_qps
fixed0,fixed0,0,0,3,0.9988061629187122,1.1269679298950914,1.0029276470055104,1.0103484081967569,28.326417805822025
fixed1,fixed,1,1,3,1.090251316750922,1.091313599715446,1.0021903841860462,1.0029946959666565,900.0255840598992
fixed2,fixed,2,2,3,1.1233471141267701,1.1275242464457955,1.0036269543511087,1.003984150434879,1725.5066963140569
fixed3,fixed,3,3,3,1.1650096012701672,1.1666493536856986,1.0053652751096156,1.005469008866777,2414.657449790185
fixed4,fixed,4,4,3,1.2256312131233869,1.2649992461611024,1.0066967080354778,1.2361200903701484,3034.787649767223
phasegate1to0,phasegate,1,0,3,1.1142829589171104,1.1143020803657955,1.0028089545534953,1.0032393233839778,575.16156740402
phasegate2to0,phasegate,2,0,3,1.1155181706065276,1.1177359859894036,1.0045829713070566,1.00482307563507,1066.050167234355
phasegate3to0,phasegate,3,0,3,1.117467003946606,1.1182936873506029,1.0050705809191487,1.0069801558139406,1490.2261169063224
phasegate4to0,phasegate,4,0,3,1.1155053691787473,1.118076399794396,1.0073228854637146,1.0073672492930101,1851.6877956881149
phasegate2to1,phasegate,2,1,3,1.053864021189044,1.054114196097193,1.004448324387007,1.0045430109695201,1467.370263340702
phasegate3to1,phasegate,3,1,3,1.0538386207745825,1.0569180141799797,1.0054695420018123,1.0055469722294563,1880.4807993969387
phasegate4to1,phasegate,4,1,3,1.0557610051485746,1.0558422571327797,1.0062767224635567,1.0079028100706398,2255.653918837484
phasegate3to2,phasegate,3,2,3,1.1245780179994527,1.1248356376927124,1.0048513044564147,1.0052477001310636,2165.2698077962136
phasegate4to2,phasegate,4,2,3,1.126091687739805,1.127214906435046,1.0065557706606059,1.0071994026539626,2534.3783846355545
phasegate4to3,phasegate,4,3,3,1.1640915168989026,1.1654492147794313,1.0068788142291085,1.0071131993447584,2802.0057401042072
