B,repeat,fixed_policy,gate_policy,fixed_qps,gate_qps,paired_gain
1.1,0,fixed1,phasegate4to1,924.4717144547604,2267.2056182604224,1.452433733570298
1.1,1,fixed1,phasegate4to1,916.9387672251038,2254.781410284057,1.4590316069933595
1.1,2,fixed1,phasegate4to1,921.6231929732857,2252.703325841004,1.444278033600117
1.1,3,fixed1,phasegate4to1,902.4659871739144,2257.242214640483,1.5011936701449216
1.1,4,fixed1,phasegate4to1,923.228601482026,2252.9110908355897,1.4402527036305761
1.1,5,fixed1,phasegate4to1,906.9110176062727,2255.1544988478863,1.4866325968783647
1.1,6,fixed1,phasegate4to1,922.8034110480031,2272.31210047936,1.4624010631893483
1.15,0,fixed2,phasegate4to2,1725.4798109519616,2532.254263615468,0.4675652809976387
1.15,1,fixed2,phasegate4to2,1722.8887315977024,2557.352248448191,0.48433976120829225
1.15,2,fixed2,phasegate4to2,1725.333748793378,2531.334677702649,0.4671565310033219
1.15,3,fixed2,phasegate4to2,1722.4561063447468,2530.899447129997,0.46935497386976177
1.15,4,fixed2,phasegate4to2,1724.917601736389,2557.0634298372433,0.48242642272487357
1.15,5,fixed2,phasegate4to2,1722.6882579868793,2559.068735524548,0.4855088978867581
1.15,6,fixed2,phasegate4to2,1727.0714291851302,2532.4810962458455,0.46634415545900443
1.2,0,fixed3,phasegate4to3,2392.832617346314,2797.9592727844506,0.16930839729501357
1.2,1,fixed3,phasegate4to3,2417.871766756207,2796.902458249291,0.15676211480875524
1.2,2,fixed3,phasegate4to3,2414.24979960141,2795.40727484124,0.157878225899722
1.2,3,fixed3,phasegate4to3,2407.66738063781,2800.548745276964,0.16317925299759506
1.2,4,fixed3,phasegate4to3,2413.1751217756096,2804.250076501021,0.16205825727129963
1.2,5,fixed3,phasegate4to3,2393.701587419919,2800.096619754789,0.16977681531844913
1.2,6,fixed3,phasegate4to3,2410.003725815179,2813.988169344869,0.16762814065486276
1.25,0,fixed3,phasegate4to3,2392.832617346314,2797.9592727844506,0.16930839729501357
1.25,1,fixed3,phasegate4to3,2417.871766756207,2796.902458249291,0.15676211480875524
1.25,2,fixed3,phasegate4to3,2414.24979960141,2795.40727484124,0.157878225899722
1.25,3,fixed3,phasegate4to3,2407.66738063781,2800.548745276964,0.16317925299759506
1.25,4,fixed3,phasegate4to3,2413.1751217756096,2804.250076501021,0.16205825727129963
1.25,5,fixed3,phasegate4to3,2393.701587419919,2800.096619754789,0.16977681531844913
1.25,6,fixed3,phasegate4to3,2410.003725815179,2813.988169344869,0.16762814065486276
1.3,0,fixed4,phasegate4to3,3053.627211589518,2797.9592727844506,-0.08372598260675823
1.3,1,fixed4,phasegate4to3,3026.2978357466322,2796.902458249291,-0.07580066138491814
1.3,2,fixed4,phasegate4to3,3016.631129685203,2795.40727484124,-0.07333473843288518
1.3,3,fixed4,phasegate4to3,3028.682221599878,2800.548745276964,-0.07532433567837449
1.3,4,fixed4,phasegate4to3,3028.3829465665904,2804.250076501021,-0.07401074237314631
1.3,5,fixed4,phasegate4to3,3026.5107086454163,2800.096619754789,-0.07481027185658429
1.3,6,fixed4,phasegate4to3,3028.79880579398,2813.988169344869,-0.07092271564495667
1.35,0,fixed4,phasegate4to3,3053.627211589518,2797.9592727844506,-0.08372598260675823
1.35,1,fixed4,phasegate4to3,3026.2978357466322,2796.902458249291,-0.07580066138491814
1.35,2,fixed4,phasegate4to3,3016.631129685203,2795.40727484124,-0.07333473843288518
1.35,3,fixed4,phasegate4to3,3028.682221599878,2800.548745276964,-0.07532433567837449
1.35,4,fixed4,phasegate4to3,3028.3829465665904,2804.250076501021,-0.07401074237314631
1.35,5,fixed4,phasegate4to3,3026.5107086454163,2800.096619754789,-0.07481027185658429
1.35,6,fixed4,phasegate4to3,3028.79880579398,2813.988169344869,-0.07092271564495667
1.4,0,fixed4,phasegate4to3,3053.627211589518,2797.9592727844506,-0.08372598260675823
1.4,1,fixed4,phasegate4to3,3026.2978357466322,2796.902458249291,-0.07580066138491814
1.4,2,fixed4,phasegate4to3,3016.631129685203,2795.40727484124,-0.07333473843288518
1.4,3,fixed4,phasegate4to3,3028.682221599878,2800.548745276964,-0.07532433567837449
1.4,4,fixed4,phasegate4to3,3028.3829465665904,2804.250076501021,-0.07401074237314631
1.4,5,fixed4,phasegate4to3,3026.5107086454163,2800.096619754789,-0.07481027185658429
1.4,6,fixed4,phasegate4to3,3028.79880579398,2813.988169344869,-0.07092271564495667
1.45,0,fixed4,phasegate4to3,3053.627211589518,2797.9592727844506,-0.08372598260675823
1.45,1,fixed4,phasegate4to3,3026.2978357466322,2796.902458249291,-0.07580066138491814
1.45,2,fixed4,phasegate4to3,3016.631129685203,2795.40727484124,-0.07333473843288518
1.45,3,fixed4,phasegate4to3,3028.682221599878,2800.548745276964,-0.07532433567837449
1.45,4,fixed4,phasegate4to3,3028.3829465665904,2804.250076501021,-0.07401074237314631
1.45,5,fixed4,phasegate4to3,3026.5107086454163,2800.096619754789,-0.07481027185658429
1.45,6,fixed4,phasegate4to3,3028.79880579398,2813.988169344869,-0.07092271564495667
