B,policy,requests,joint_request_passes,joint_request_attainment
1.1,fixed0,1750,1747,0.9982857142857143
1.1,fixed1,1750,1743,0.996
1.1,phasegate4to1,1750,1750,1.0
1.15,fixed0,1750,1749,0.9994285714285714
1.15,fixed2,1750,1750,1.0
1.15,phasegate4to0,1750,1750,1.0
1.15,phasegate4to2,1750,1750,1.0
1.2,fixed0,1750,1750,1.0
1.2,fixed3,1750,1750,1.0
1.2,phasegate4to0,1750,1750,1.0
1.2,phasegate4to3,1750,1750,1.0
1.25,fixed0,1750,1750,1.0
1.25,fixed3,1750,1750,1.0
1.25,phasegate4to0,1750,1750,1.0
1.25,phasegate4to3,1750,1750,1.0
1.3,fixed0,1750,1750,1.0
1.3,fixed4,1750,1750,1.0
1.3,phasegate4to0,1750,1750,1.0
1.3,phasegate4to3,1750,1750,1.0
1.35,fixed0,1750,1750,1.0
1.35,fixed4,1750,1750,1.0
1.35,phasegate4to0,1750,1750,1.0
1.35,phasegate4to3,1750,1750,1.0
1.4,fixed0,1750,1750,1.0
1.4,fixed4,1750,1750,1.0
1.4,phasegate4to0,1750,1750,1.0
1.4,phasegate4to3,1750,1750,1.0
1.45,fixed0,1750,1750,1.0
1.45,fixed4,1750,1750,1.0
1.45,phasegate4to0,1750,1750,1.0
1.45,phasegate4to3,1750,1750,1.0
