active_workers_max,active_workers_mean,active_workers_p95,cap,completed_queries,completed_tasks,compressions_delta,cpu_percent_mean,decompressions_delta,duration_s,experiment_rss_after_bytes,experiment_rss_before_bytes,faiss_internal_threads,headroom_after_bytes,headroom_before_bytes,memory_free_percent_after,memory_free_percent_before,pageins_delta,pageouts_delta,pages_occupied_by_compressor_delta,pages_stored_in_compressor_delta,query_seed,queue_nonempty_fraction,repeat,retrieval_architecture,retrieval_latency_p50_ms,retrieval_latency_p95_ms,retrieval_qps,run_key,status,submitted_tasks,swap_used_delta_bytes,swapins_delta,swapouts_delta
4,3.995618838992333,4.0,4,154416,36,0,398.18849945235485,0,60.0,325795840,312147968,1,8973484032,8908914688,93,93,933,0,0,0,926805201,1.0,0,single_index_process_thread_pool,6355.120750000424,6555.110280749886,2573.6,m2_cpu_scaling_cap4_r00,valid,36,0,0,0
1,1.0,1.0,1,67440,17,0,101.31511737089201,0,60.0,318947328,311689216,1,8982577152,8936914944,93,93,1092,0,0,0,926805201,1.0,0,single_index_process_thread_pool,3649.476082999172,3685.9901495987287,1124.0,m2_cpu_scaling_cap1_r00,valid,17,0,0,0
1,1.0,1.0,1,67840,17,0,101.3353601496726,0,60.0,319225856,312016896,1,8981757952,8923316224,93,93,1086,0,0,0,926825201,1.0,2,single_index_process_thread_pool,3622.2247919995425,3649.706758800312,1130.6666666666667,m2_cpu_scaling_cap1_r02,valid,17,0,0,0
4,3.9945355191256833,4.0,4,154352,36,0,398.1865573770492,0,60.0,332333056,312229888,1,8975089664,8921481216,93,93,947,0,0,0,926825201,1.0,2,single_index_process_thread_pool,6355.0923960001455,6552.228187750188,2572.5333333333333,m2_cpu_scaling_cap4_r02,valid,36,0,0,0
2,1.9971804511278195,2.0,2,119296,30,0,200.6548872180451,0,60.0,325763072,312180736,1,8969846784,8921366528,93,93,1096,0,0,0,926805201,1.0,0,single_index_process_thread_pool,4114.781479000158,4194.200372399882,1988.2666666666667,m2_cpu_scaling_cap2_r00,valid,30,0,0,0
4,3.9989082969432315,4.0,4,155072,36,0,398.2292576419214,0,60.0,326156288,312393728,1,8973205504,8922628096,93,93,933,0,0,0,926815201,1.0,1,single_index_process_thread_pool,6333.170437499575,6444.937499749813,2584.5333333333333,m2_cpu_scaling_cap4_r01,valid,36,0,0,0
2,1.9981220657276995,2.0,2,120032,30,0,200.73840375586855,0,60.0,325828608,312098816,1,8971206656,8928722944,93,93,1087,0,0,0,926815201,1.0,1,single_index_process_thread_pool,4093.428583999412,4143.9751562495985,2000.5333333333333,m2_cpu_scaling_cap2_r01,valid,30,0,0,0
1,1.0,1.0,1,67648,17,0,101.33192488262911,0,60.0,319324160,312147968,1,8981643264,8925134848,93,93,1077,0,0,0,926815201,1.0,1,single_index_process_thread_pool,3626.2977910009795,3678.156682800909,1127.4666666666667,m2_cpu_scaling_cap1_r01,valid,17,0,0,0
2,2.0,2.0,2,120080,30,0,200.74854460093897,0,60.0,325632000,312066048,1,8977825792,8923365376,93,93,1092,0,0,0,926825201,1.0,2,single_index_process_thread_pool,4090.788771000007,4153.1855310995525,2001.3333333333333,m2_cpu_scaling_cap2_r02,valid,30,0,0,0
