repeat,policy,prefill_high_cap_fraction,prefill_low_cap_fraction,decode_high_cap_fraction,decode_low_cap_fraction,high_cap_duty_fraction,cap_transitions_per_s,prefill_active_mean,decode_active_mean
0,fixed1,1.0,1.0,1.0,1.0,1.0,0.0,0.9992259795658606,0.9995849617818974
0,phasegate4to1,1.0,0.0,0.0,1.0,0.47338989235540957,0.4644297780528917,3.996519990719975,1.0229182185112686
0,timegate4to1,0.8604527700883546,0.13954722991164537,0.12300574072487362,0.8769942592751264,0.4729534200285789,0.4634188136179982,3.5836145766182548,1.3835489675263473
1,fixed1,1.0,1.0,1.0,1.0,1.0,0.0,0.9995171747827286,0.9996189618442247
1,phasegate4to1,1.0,0.0,0.0,1.0,0.47334117282431337,0.4641353361429593,3.9962320296800122,1.0211856339247078
1,timegate4to1,0.8429791271347249,0.15702087286527514,0.1396409526585621,0.8603590473414379,0.4733206824293333,0.46492756128102647,3.5310056925996203,1.4333773426381577
2,fixed1,1.0,1.0,1.0,1.0,1.0,0.0,0.9996189816418427,0.9994789314621183
2,phasegate4to1,1.0,0.0,0.0,1.0,0.4732387944006201,0.4640780868335373,3.9969068976183113,1.0225061459090752
2,timegate4to1,0.8418662105663246,0.1581337894336754,0.1402401372212693,0.8597598627787307,0.4727685121013834,0.4648864384210715,3.5258076776890914,1.435917667238422
3,fixed1,1.0,1.0,1.0,1.0,1.0,0.0,0.9993421394318163,0.9995137875946378
3,phasegate4to1,1.0,0.0,0.0,1.0,0.47431114840522076,0.46442759990309024,3.996758821600139,1.0167430078423207
3,timegate4to1,0.9120803311359804,0.08791966886401963,0.07798133544543545,0.9220186645545646,0.47224888180649366,0.4645536134702824,3.734612141652614,1.255260167361135
4,fixed1,1.0,1.0,1.0,1.0,1.0,0.0,0.9996543738983168,0.9995841203278518
4,phasegate4to1,1.0,0.0,0.0,1.0,0.4736030793367021,0.4643950997149933,3.9968313464845333,1.0193030791356934
4,timegate4to1,0.9243153113440788,0.07568468865592119,0.06932453898749914,0.9306754610125009,0.4740646027168689,0.46523866287095855,3.7709143875654023,1.228054423648042
