repeat,policy,cap,normalized_p95_tpot,normalized_p95_ttft,p99_inter_token_gap_ms,transition_gap_ms,qps,prefill_active_mean,decode_active_mean,prefill_completions,decode_completions,pageouts_delta,swap_delta
0,fixed1,1,1.1990069273785402,1.0036008627667514,19.059385001219198,23.939076749999998,843.9733985295832,0.9996909765142151,0.9996889150046663,214832,144800,0,0
0,fixed2,2,1.2936242110758216,1.0075547107234104,20.96231018062099,26.636595500000002,1463.8380375213585,1.9982584465343085,1.9990328820116054,378448,271472,0,0
0,fixed4,4,1.4584111311774157,1.0169313281063384,25.71946017120354,30.289407999999998,1887.7676488785683,3.9963878107827693,3.9968281430219146,505200,389808,0,0
1,fixed1,1,1.2157648518014712,0.9995738064528716,19.205258748788765,24.702742,844.0203890231661,0.9993808475509081,0.999619679839574,214912,145120,0,0
1,fixed2,2,1.2831886793128984,1.006681663917778,20.995509579133795,26.49075,1461.5192915936962,1.9987860710321865,1.999031007751938,377584,270864,0,0
1,fixed4,4,1.4651230008515017,1.0149224259881766,25.599635080216107,32.7435444,1881.0384018738237,3.997165511165588,3.9971152921568,503664,388736,0,0
2,fixed1,1,1.1806926211925755,1.0156624175640572,19.08530350001456,25.0485128,844.117298077194,0.9995187349604675,0.9997575925477024,214672,145072,0,0
2,fixed2,2,1.2899459093779777,1.0066665899111762,21.04901500264532,27.2398292,1464.5896883830655,1.998888541558126,1.999224254961536,377872,272000,0,0
2,fixed4,4,1.462607467367891,1.0121964754594868,25.932427081479545,32.9729149,1883.606825970024,3.997044032400476,3.9966992469155582,503424,390944,0,0
