comparison,repeat,attempt,order,policy,total_retrieval_qps,p95_tpot_ms,normalized_p95_tpot,p95_ttft_ms,normalized_p95_ttft,joint_slo_pass,queue_nonempty_fraction,prefill_active_worker_mean,decode_active_worker_mean,decode_overshoot_fraction,decode_convergence_ms,prefill_retrieval_completions,decode_retrieval_completions,pre_sentinel_initial_deviation,post_sentinel_initial_deviation,post_sentinel_recovered_deviation,pageout_delta,swap_delta_bytes,tpot_within_block_ratio,tpot_slope_ms_per_s,retrieval_qps_first_third,retrieval_qps_last_third,retrieval_qps_within_block_ratio,retrieval_qps_slope_qps_per_s
fixed1_vs_phasegate4to1,0,4,fixed1 then phasegate4to1,fixed1,786.6128076412001,16.88976119621657,1.156535027001724,2118.053442047676,1.0385685975856862,False,1.0,0.9991189427312775,1.0,0.0,13.290332979522645,7120,4880,0.011776970746904647,0.05162275020249196,0.009248059918530727,0,0,0.968867319487614,-0.025718855586857745,809.2087764185384,749.6078912362303,0.9263467143224837,-3.8269751979751563
fixed1_vs_phasegate4to1,0,4,fixed1 then phasegate4to1,phasegate4to1,1507.3282635845299,16.782634435221553,1.149199467310819,2172.658678755397,1.0653437879479961,False,1.0,3.996138996138996,1.02680412371134,0.013402061855670102,41.41029203310609,18112,5088,0.009028752088234171,0.06464032410959453,0.01038730743405658,0,0,0.996980798126155,-0.008577756865688223,1681.4583640628553,1296.4509615971615,0.7710276919760223,-24.348534247798582
fixed1_vs_phasegate4to1,1,1,phasegate4to1 then fixed1,fixed1,787.3329881089577,16.64397305517923,1.139704558469404,2128.9154688303825,1.0438946954539947,False,1.0,0.9973118279569892,1.0,0.0,5.681166483554989,7232,4896,0.014985492913203835,0.06056412568872793,0.01218283069257553,0,0,1.0033843538981175,-0.0038567764721480166,811.0899264705832,757.1657670463655,0.9335164231925972,-3.452579594436492
fixed1_vs_phasegate4to1,1,1,phasegate4to1 then fixed1,phasegate4to1,1506.7073347179241,16.739798691123724,1.146266267848655,2172.010451735696,1.0650259356155651,False,1.0,3.992465016146394,1.030949839914621,0.013874066168623266,27.744854043703526,18192,5136,0.013435294524823505,0.07089194072066962,0.010412083139782258,0,0,1.0093906627687201,0.021678453332049406,1680.6839014241905,1294.5696484410716,0.7702636095604114,-24.346978996905186
fixed1_vs_phasegate4to1,2,9,fixed1 then phasegate4to1,fixed1,786.0949542997901,16.718235148582608,1.1447896932561954,2102.2210356371943,1.0308053184371468,False,1.0,1.0,0.9979253112033195,0.0,20.179104001726955,7104,4912,0.004803086634598941,0.04899868046119327,0.04899868046119327,0,0,0.9903244928516494,-0.006025988364836007,810.71100591085,754.9800921008206,0.9312567445073543,-3.5849597361921073
fixed1_vs_phasegate4to1,2,9,fixed1 then phasegate4to1,phasegate4to1,1506.3535296682812,16.751893032342196,1.147094434042669,2179.85892315628,1.0688743635138656,False,1.0,3.993576017130621,1.0170575692963753,0.008528784648187633,37.505354499444366,18320,5088,0.015213542661951518,0.06686642035530843,0.0103292126476624,0,0,1.0253260111486384,0.030439080148416238,1682.447315226626,1298.1828339962478,0.7716038548412926,-24.239163510809252
fixed2_vs_phasegate4to2,0,1,fixed2 then phasegate4to2,fixed2,1334.065139642458,18.81008500349708,1.3113797408787733,2144.467495381832,1.050886924943367,False,1.0,1.997307001795332,2.0,0.0,3.7325414596125484,12448,9440,0.012279564837800239,0.06434125442706606,0.009774271797289513,0,0,0.9973973201256667,-0.005655111973988347,1379.9994054009776,1275.1298124315645,0.9240075085837143,-6.302421187828965
fixed2_vs_phasegate4to2,0,1,fixed2 then phasegate4to2,phasegate4to2,1687.6115893096428,19.016223668586463,1.325751077805733,2176.2245982827153,1.0664493544436924,False,1.0,3.992465016146394,2.017357762777242,0.010607521697203472,30.77845845837146,18288,9632,0.012922321143605808,0.0731294595719445,0.011632166805125577,0,0,1.0096999132529214,0.015563723989139779,1813.2944431713513,1541.5343791898258,0.8501291034090237,-16.149118956286703
fixed2_vs_phasegate4to2,1,2,fixed2 then phasegate4to2,fixed2,1328.898856500381,19.13986015773844,1.3343706234950343,2154.6892186102923,1.0558960357432796,False,1.0,1.9991031390134528,2.0,0.0,4.8901045229285955,12528,9408,0.015210047864850251,0.07380079911866244,0.014548848522664803,0,0,0.9970158802876149,-0.010663233522222933,1371.7426348144804,1271.972396420538,0.9272675239058704,-5.990300452330378
fixed2_vs_phasegate4to2,1,2,fixed2 then phasegate4to2,phasegate4to2,1689.294602081537,18.959368229843676,1.3217872961156343,2180.2043731498998,1.0683996257260266,False,1.0,3.9980988593155895,2.014732965009208,0.011049723756906077,30.369625019375235,18352,9552,0.016584501555833242,0.07041974500486714,0.013790852458491543,0,0,1.0003207086953234,-0.006777947822575815,1816.263794261094,1536.7366359645491,0.8460977093857315,-16.6209809577204
fixed2_vs_phasegate4to2,2,1,phasegate4to2 then fixed2,phasegate4to2,1690.4925872856345,18.90762803144753,1.318180132833111,2193.132362520555,1.0747349304227338,False,1.0,3.997164461247637,2.0036866359447005,0.004608294930875576,29.601479531265795,18384,9440,0.012003768494048606,0.06964996084253361,0.013144111583842877,0,0,0.9901220653814903,-0.011485843219465377,1813.2155873696895,1544.7615096745787,0.8519458581951972,-15.94477442670695
fixed2_vs_phasegate4to2,2,1,phasegate4to2 then fixed2,fixed2,1334.45750815675,19.074117418495007,1.329787247272243,2154.8751125403214,1.0559871322513474,False,1.0,1.9964093357271095,1.9980638915779283,0.0,3.6533745005726814,12496,9488,0.014003765538163515,0.07155323417574211,0.013502371160695636,0,0,1.012696452532262,0.024365788263912776,1374.8675817125861,1277.4907194407617,0.9291736429260131,-5.833179820052871
