policy,policy_arg,prefill_cap,decode_cap,valid_repeats,expected_repeats,joint_slo_pass_count,strict_feasible,queue_nonempty_fraction_median,pageout_delta_total,swap_delta_bytes_total,normalized_p95_tpot_median,normalized_p95_tpot_min,normalized_p95_tpot_max,normalized_p95_tpot_iqr,normalized_p95_tpot_bootstrap_ci_low,normalized_p95_tpot_bootstrap_ci_high,normalized_p95_ttft_median,normalized_p95_ttft_min,normalized_p95_ttft_max,normalized_p95_ttft_iqr,normalized_p95_ttft_bootstrap_ci_low,normalized_p95_ttft_bootstrap_ci_high,total_retrieval_goodput_qps_median,total_retrieval_goodput_qps_min,total_retrieval_goodput_qps_max,total_retrieval_goodput_qps_iqr,total_retrieval_goodput_qps_bootstrap_ci_low,total_retrieval_goodput_qps_bootstrap_ci_high
fixed0,fixed0,0,0,3,3,0,False,1.0,0,0,1.2490484671588957,1.2158926795111196,1.3224416795422804,0.05327450001558054,1.2158926795111196,1.3224416795422804,1.0102343888101568,1.0067686748539784,1.011556060413647,0.0023936927798344776,1.0067686748539784,1.011556060413647,63.00035059941693,62.525544493692806,70.92750898096789,4.20098224363754,62.525544493692806,70.92750898096789
fixed1,fixed,1,1,3,3,0,False,1.0,0,0,1.2138837568982874,1.1962935394776881,1.2408760399940626,0.022291250258187345,1.1962935394776881,1.2408760399940626,1.0027889068217675,0.9995690622593458,1.005985355754518,0.0032081467475861825,0.9995690622593458,1.005985355754518,938.8999290543148,937.8940130378816,943.9803319553617,3.0431594587400923,937.8940130378816,943.9803319553617
fixed2,fixed,2,2,3,3,0,False,1.0,0,0,1.3917382332317871,1.3881779389362365,1.3961197197172,0.003970890390481596,1.3881779389362365,1.3961197197172,1.005575399130327,1.0047228319167658,1.0122081527014042,0.003742660392319186,1.0047228319167658,1.0122081527014042,1740.8818333817117,1733.7740540233635,1747.5533998918627,6.889672934249575,1733.7740540233635,1747.5533998918627
fixed3,fixed,3,3,3,3,0,False,1.0,0,0,1.4733169280297367,1.4727254460752637,1.477705742981391,0.002490148453063501,1.4727254460752637,1.477705742981391,1.0090651561522355,1.005196003299579,1.0121486343546386,0.003476315527529694,1.005196003299579,1.0121486343546386,2340.507061690372,2339.731514204421,2347.9691402638846,4.118813029731882,2339.731514204421,2347.9691402638846
fixed4,fixed,4,4,3,3,0,False,1.0,0,0,1.6249237562580299,1.59895929210555,1.6363155711249038,0.018678139509677116,1.59895929210555,1.6363155711249038,1.0110379599266066,1.0106580994261956,1.0115010334827144,0.0004214670282594035,1.0106580994261956,1.0115010334827144,2869.8968049494274,2862.826752655375,2877.445108356659,7.3091778506423,2862.826752655375,2877.445108356659
phasegate1to0,phasegate,1,0,3,3,0,False,1.0,0,0,1.2157428960480154,1.2108418361450572,1.241923111357518,0.01554063760623059,1.2108418361450572,1.241923111357518,1.0017713312271663,0.9996493274500563,1.0055931094650694,0.0029718910075064997,0.9996493274500563,1.0055931094650694,623.6029538590038,619.7277616650377,624.1315450266271,2.201891680794688,619.7277616650377,624.1315450266271
phasegate2to0,phasegate,2,0,3,3,0,False,1.0,0,0,1.2032948924894789,1.186385023707287,1.2671461285225263,0.04038055240761973,1.186385023707287,1.2671461285225263,1.0063669892146203,1.005393942427956,1.0089742225704772,0.0017901400712605486,1.005393942427956,1.0089742225704772,1115.248425230079,1114.9997851470714,1118.1330443425288,1.5666295977287064,1114.9997851470714,1118.1330443425288
phasegate2to1,phasegate,2,1,3,3,0,False,1.0,0,0,1.1969007825866922,1.1722296331644382,1.2151287399000537,0.021449553367807628,1.1722296331644382,1.2151287399000537,1.0058530754319637,1.0032149332912639,1.010860578987833,0.0038228228482846127,1.0032149332912639,1.010860578987833,1486.496115572357,1479.9349930345306,1491.4954670579505,5.780237011710142,1479.9349930345306,1491.4954670579505
phasegate3to0,phasegate,3,0,3,3,0,False,1.0,0,0,1.2218865093878482,1.1925243523543032,1.2373679784687481,0.02242181305722246,1.1925243523543032,1.2373679784687481,1.0094184926201595,1.0066433449441785,1.0123821719862893,0.0028694135210554084,1.0066433449441785,1.0123821719862893,1488.7554236039323,1485.597573767881,1497.1175226982932,5.759974465206142,1485.597573767881,1497.1175226982932
phasegate3to1,phasegate,3,1,3,3,0,False,1.0,0,0,1.2117676699916395,1.1856025366765939,1.2456471427927844,0.03002230305809528,1.1856025366765939,1.2456471427927844,1.0091864893624845,1.0076765706384199,1.009315585719657,0.000819507540618325,1.0076765706384199,1.009315585719657,1849.917351582633,1848.48614007181,1856.4981709120307,4.006015420110089,1848.48614007181,1856.4981709120307
phasegate3to2,phasegate,3,2,3,3,0,False,1.0,0,0,1.3985528520162263,1.3741004056195223,1.4016015823110557,0.013750588345766701,1.3741004056195223,1.4016015823110557,1.0078287545128515,1.0053672172043853,1.0095588871138745,0.0020958349547446353,1.0053672172043853,1.0095588871138745,2115.8202498749847,2112.860082629036,2126.260626443366,6.700271907165188,2112.860082629036,2126.260626443366
phasegate4to0,phasegate,4,0,3,3,0,False,1.0,0,0,1.2081151022334564,1.180208288911272,1.2661948994747074,0.04299330528171774,1.180208288911272,1.2661948994747074,1.0126792510922888,1.0098663545728503,1.0179399556381272,0.004036800532638329,1.0098663545728503,1.0179399556381272,1801.2776705406995,1801.0875628555868,1809.0675262898358,3.989981717124465,1801.0875628555868,1809.0675262898358
phasegate4to1,phasegate,4,1,3,3,0,False,1.0,0,0,1.2251109057669658,1.2102290211386357,1.2279525894692929,0.008861784165328457,1.2102290211386357,1.2279525894692929,1.0133176899831084,1.0098123388974722,1.014754222871042,0.0024709419867847693,1.0098123388974722,1.014754222871042,2165.023921506904,2158.513517244474,2173.875548468274,7.681015611899966,2158.513517244474,2173.875548468274
phasegate4to2,phasegate,4,2,3,3,0,False,1.0,0,0,1.399912952065626,1.3973568091632822,1.4136210681716466,0.008132129504182073,1.3973568091632822,1.4136210681716466,1.012590620972162,1.0114586952977138,1.0217027969141266,0.00512205080820638,1.0114586952977138,1.0217027969141266,2416.3904290449573,2410.587753548374,2432.4454836605846,10.928865056105224,2410.587753548374,2432.4454836605846
phasegate4to3,phasegate,4,3,3,3,0,False,1.0,0,0,1.4496214954292506,1.435043513316949,1.4650447674973615,0.015000627090206331,1.435043513316949,1.4650447674973615,1.0113742748022563,1.0086397844308732,1.0161694924857667,0.0037648540274468623,1.0086397844308732,1.0161694924857667,2660.616551674805,2655.605814102448,2661.829116878044,3.1116513877977923,2655.605814102448,2661.829116878044
