context,ef_search,elapsed_s,error,headroom_bytes,logical_qps,model,p50_ms,p95_ms,pageouts_delta,phase,power_contaminated,repeat,rss_bytes,run_id,status,swapouts_delta,thermal_spread,workers,slowdown
2048,128,1.3542272909999156,,6773997568,0.0,1.5B,1351.7317920000096,1351.7317920000096,0,PREFILL,False,0,1124384768,8750497d72e7424c944cb44c477a42af,ok,0,1.0,0,0.9988094607207791
2048,128,1.3679529579999326,,7089438720,1941.587234025434,1.5B,1355.886833999648,1355.886833999648,0,PREFILL,False,2,1124663296,8750497d72e7424c944cb44c477a42af,ok,0,1.0,2,1.0018796668692862
2048,128,1.3642070000000786,,7054868480,3260.5022551561046,1.5B,1355.9257919996526,1355.9257919996526,0,PREFILL,False,0,1124663296,8750497d72e7424c944cb44c477a42af,ok,0,1.0,4,1.0019084533631792
2048,128,1.3615229580000232,,7520600064,1950.7566761132462,1.5B,1354.3482919999406,1354.3482919999406,0,PREFILL,False,0,1124679680,8750497d72e7424c944cb44c477a42af,ok,0,1.0,2,1.0007428212952465
2048,128,2.5156372500000543,,7363723264,903.1508815509673,1.5B,8.755770999869128,8.998615999780668,0,DECODE,False,2,1124827136,8750497d72e7424c944cb44c477a42af,ok,0,1.0437878057759618,1,1.0472710905836755
2048,128,1.365174707999813,,7517683712,3258.191038798976,1.5B,1357.4965420002627,1357.4965420002627,0,PREFILL,False,2,1124843520,8750497d72e7424c944cb44c477a42af,ok,0,1.0,4,1.0030690977826726
2048,128,2.639865708000343,,7482966016,1697.0560231238162,1.5B,9.6481875000336,9.90698530008558,0,DECODE,False,0,1124892672,8750497d72e7424c944cb44c477a42af,ok,0,1.0670224847882734,2,1.152988337303198
2048,128,1.3655174170003193,,7188332544,1921.6159144745545,1.5B,1356.4808330002052,1356.4808330002052,0,PREFILL,False,1,1124892672,8750497d72e7424c944cb44c477a42af,ok,0,1.0,2,1.002318579251851
2048,128,2.627278166999986,,7497662464,1680.82696970093,1.5B,9.619333000046026,9.885106700039614,0,DECODE,False,1,1124909056,8750497d72e7424c944cb44c477a42af,ok,0,1.0429387359561924,2,1.1504420762635956
2048,128,2.466803875000096,,7294926848,0.0,1.5B,8.30245800011653,8.5873108501346,0,DECODE,False,2,1124909056,8750497d72e7424c944cb44c477a42af,ok,0,1.052805687175416,0,0.9994028414392494
2048,128,1.3685063749999244,,7074840576,1005.4757691575064,1.5B,1361.6096249998009,1361.6096249998009,0,PREFILL,False,1,1124909056,8750497d72e7424c944cb44c477a42af,ok,0,1.0,1,1.0061082999653705
2048,128,2.7729570840001543,,7491059712,2781.146540095379,1.5B,10.631896000177221,10.898966549871147,0,DECODE,False,1,1124909056,8750497d72e7424c944cb44c477a42af,ok,0,1.036864356095487,4,1.268436455694605
2048,128,2.7662475419997463,,7497318400,2776.324202152948,1.5B,10.619042000143963,10.84362500005227,0,DECODE,False,2,1124909056,8750497d72e7424c944cb44c477a42af,ok,0,1.0444405437086508,4,1.2619957313393466
2048,128,1.3672029170002133,,7193542656,2598.0049894813424,1.5B,1358.228833999874,1358.228833999874,0,PREFILL,False,0,1124909056,8750497d72e7424c944cb44c477a42af,ok,0,1.0,3,1.0036101963804498
2048,128,2.698398291000103,,7511277568,2253.188500851955,1.5B,10.09172949989079,10.317481350239177,0,DECODE,False,1,1124909056,8750497d72e7424c944cb44c477a42af,ok,0,1.0288582348908266,3,1.200762422355291
2048,128,2.700173915999585,,7472201728,2263.557900394494,1.5B,10.099208499923407,10.386667000148009,0,DECODE,False,2,1124909056,8750497d72e7424c944cb44c477a42af,ok,0,1.0548640519696348,3,1.2088143417876271
2048,128,1.3661277080000218,,7100579840,0.0,1.5B,1354.8674580001716,1354.8674580001716,0,PREFILL,False,1,1124909056,8750497d72e7424c944cb44c477a42af,ok,0,1.0,0,1.0011264387523369
2048,128,2.461904291999872,,7246774272,0.0,1.5B,8.311083000080544,8.605233450180094,0,DECODE,False,0,1124909056,8750497d72e7424c944cb44c477a42af,ok,0,1.0656303155698708,0,1.0014886978527464
2048,128,2.6333861249995607,,7522140160,1676.9284071475604,1.5B,9.62183349975021,9.855337400063036,0,DECODE,False,2,1124925440,8750497d72e7424c944cb44c477a42af,ok,0,1.0534894415193665,2,1.1469774849027528
2048,128,1.3676138749997335,,7293206528,2597.2243079214827,1.5B,1358.4714169996914,1358.4714169996914,0,PREFILL,False,1,1124941824,8750497d72e7424c944cb44c477a42af,ok,0,1.0,3,1.0037894436221448
2048,128,1.3689474160000827,,7185743872,3225.836104722764,1.5B,1359.8905409999134,1359.8905409999134,0,PREFILL,False,1,1124941824,8750497d72e7424c944cb44c477a42af,ok,0,1.0,4,1.0048380499253675
2048,128,2.5185099579998678,,7511408640,889.4147878529523,1.5B,8.791958000074374,9.074739700031387,0,DECODE,False,0,1124941824,8750497d72e7424c944cb44c477a42af,ok,0,1.072163561306101,1,1.0561304696907268
2048,128,2.698190416000216,,7507787776,2277.081692813895,1.5B,10.079187499741238,10.366070599866362,0,DECODE,False,0,1124941824,8750497d72e7424c944cb44c477a42af,ok,0,1.0348097007381227,3,1.2064173048893325
2048,128,1.3594460000003892,,7531790336,1035.7160196135756,1.5B,1351.8564579999293,1351.8564579999293,0,PREFILL,False,2,1124941824,8750497d72e7424c944cb44c477a42af,ok,0,1.0,1,0.9989015777967308
2048,128,1.3646572909992756,,7312277504,2626.300407903586,1.5B,1355.9230840000964,1355.9230840000964,0,PREFILL,False,2,1124941824,8750497d72e7424c944cb44c477a42af,ok,0,1.0,3,1.0019064523925783
2048,128,2.4669537079998918,,7508967424,0.0,1.5B,8.29804149998381,8.59244190037316,0,DECODE,False,1,1124941824,8750497d72e7424c944cb44c477a42af,ok,0,1.0792858772358769,0,1.0
2048,128,1.3647817080000095,,7001522176,0.0,1.5B,1353.342999999768,1353.342999999768,0,PREFILL,False,2,1124958208,8750497d72e7424c944cb44c477a42af,ok,0,1.0,0,1.0
2048,128,1.3593821249996836,,7144062976,1012.2245796047379,1.5B,1352.0019160005177,1352.0019160005177,0,PREFILL,False,0,1124958208,8750497d72e7424c944cb44c477a42af,ok,0,1.0,1,0.9990090583102359
2048,128,2.5209689580005943,,7512096768,888.5472361296215,1.5B,8.78472900012639,9.041752199800612,0,DECODE,False,1,1124958208,8750497d72e7424c944cb44c477a42af,ok,0,1.0552450735693948,1,1.0522913398352962
2048,128,2.766156042000148,,7510474752,2787.9844386593677,1.5B,10.638687999744434,10.829968850021032,0,DECODE,False,0,1124958208,8750497d72e7424c944cb44c477a42af,ok,0,1.0367389287311704,4,1.2604064101440942
