phase,workers,valid_repeats,slowdown_median,slowdown_min,slowdown_max,slowdown_iqr,slowdown_bootstrap_ci_low,slowdown_bootstrap_ci_high,retrieval_qps_median,retrieval_qps_min,retrieval_qps_max,retrieval_qps_iqr,retrieval_qps_bootstrap_ci_low,retrieval_qps_bootstrap_ci_high
PREFILL,0,3,1.0,0.9988094607207791,1.0011264387523369,0.001158489015778863,0.9988094607207791,1.0011264387523369,0.0,0.0,0.0,0.0,0.0,0.0
PREFILL,1,3,0.9990090583102359,0.9989015777967308,1.0061082999653705,0.0036033610843198005,0.9989015777967308,1.0061082999653705,1012.2245796047379,1005.4757691575064,1035.7160196135756,15.120125228034567,1005.4757691575064,1035.7160196135756
PREFILL,2,3,1.0018796668692862,1.0007428212952465,1.002318579251851,0.0007878789783024587,1.0007428212952465,1.002318579251851,1941.587234025434,1921.6159144745545,1950.7566761132462,14.5703808193457,1921.6159144745545,1950.7566761132462
PREFILL,3,3,1.0036101963804498,1.0019064523925783,1.0037894436221448,0.0009414956147830722,1.0019064523925783,1.0037894436221448,2598.0049894813424,2597.2243079214827,2626.300407903586,14.538049991051594,2597.2243079214827,2626.300407903586
PREFILL,4,3,1.0030690977826726,1.0019084533631792,1.0048380499253675,0.0014647982810940263,1.0019084533631792,1.0048380499253675,3258.191038798976,3225.836104722764,3260.5022551561046,17.333075216670295,3225.836104722764,3260.5022551561046
DECODE,0,3,1.0,0.9994028414392494,1.0014886978527464,0.0010429282067485612,0.9994028414392494,1.0014886978527464,0.0,0.0,0.0,0.0,0.0,0.0
DECODE,1,3,1.0522913398352962,1.0472710905836755,1.0561304696907268,0.004429689553525629,1.0472710905836755,1.0561304696907268,889.4147878529523,888.5472361296215,903.1508815509673,7.301822710672809,888.5472361296215,903.1508815509673
DECODE,2,3,1.1504420762635956,1.1469774849027528,1.152988337303198,0.003005426200222594,1.1469774849027528,1.152988337303198,1680.82696970093,1676.9284071475604,1697.0560231238162,10.063807988127792,1676.9284071475604,1697.0560231238162
DECODE,3,3,1.2064173048893325,1.200762422355291,1.2088143417876271,0.004025959716167815,1.200762422355291,1.2088143417876271,2263.557900394494,2253.188500851955,2277.081692813895,11.94659598096996,2253.188500851955,2277.081692813895
DECODE,4,3,1.2619957313393466,1.2604064101440942,1.268436455694605,0.004015022775255561,1.2604064101440942,1.268436455694605,2781.146540095379,2776.324202152948,2787.9844386593677,5.830118253210003,2776.324202152948,2787.9844386593677
